no,issue,seq,date,title,file,url,status
97,26-18,369153,2026-09-18,"경제안보 Review 26-18호 (미국 폴리실리콘 및 파생상품 232조 조치, 중동전쟁과 국제유가, 중국 오픈웨이트 AI 기업의 부상)",26-18_369153.pdf,https://www.mofa.go.kr/www/brd/m_26799/down.do?brd_id=100863&seq=369153&data_tp=A&file_seq=1,skip
96,26-17,369152,2026-09-04,"경제안보 Review 26-17호 (미중 규제 충돌과 제3국의 딜레마, 한일 통상 규정 비교, 메모리 반도체 경쟁과 미국의 정책 개입)",26-17_369152.pdf,https://www.mofa.go.kr/www/brd/m_26799/down.do?brd_id=100863&seq=369152&data_tp=A&file_seq=1,skip
95,26-16,369151,2026-08-21,"경제안보 Review 26-16호 (호르무즈 우회 에너지 인프라, 원자력 공급망과 한국 원전전략, 미국 회수가능 핵심광물 소재 수출제한)",26-16_369151.pdf,https://www.mofa.go.kr/www/brd/m_26799/down.do?brd_id=100863&seq=369151&data_tp=A&file_seq=1,skip
94,26-15,369149,2026-08-07,"경제안보 Review 26-15호 (전력망 연계 IoT 기기 공급망 안보, CPTPP 가입 쟁점, 일본 호네부토 방침 2026, 중국 국무원 대외투자 규정)",26-15_369149.pdf,https://www.mofa.go.kr/www/brd/m_26799/down.do?brd_id=100863&seq=369149&data_tp=A&file_seq=1,skip
93,26-E02,369150,2026-07-31,경제안보 Review 영문 26-2호 / Economic Security Review Vol.2,26-E02_369150.pdf,https://www.mofa.go.kr/www/brd/m_26799/down.do?brd_id=100863&seq=369150&data_tp=A&file_seq=1,skip
92,26-14,369148,2026-07-24,"경제안보 Review 26-14호 (SMR 연료 HALEU의 글로벌 공급망 동향, 바이오 분야 미중경쟁 경제안보적 함의, 트럼프 행정부 관세 현황)",26-14_369148.pdf,https://www.mofa.go.kr/www/brd/m_26799/down.do?brd_id=100863&seq=369148&data_tp=A&file_seq=1,skip
91,26-13,369147,2026-07-10,"경제안보 Review 26-13호 (제약 공급망 중국 의존 현황, 자원민족주의와 핵심광물 공급망 리스크, 2차 팍스 실리카 내용과 특징)",26-13_369147.pdf,https://www.mofa.go.kr/www/brd/m_26799/down.do?brd_id=100863&seq=369147&data_tp=A&file_seq=1,skip
90,26-12,369146,2026-06-26,"경제안보 Review 26-12호 (공급망 관리의 주요 과제, 2026년 G7 정상회담 경제안보적 함의, 트럼프 2기 행정부의 주요 AI 정책 평가)",26-12_369146.pdf,https://www.mofa.go.kr/www/brd/m_26799/down.do?brd_id=100863&seq=369146&data_tp=A&file_seq=1,skip
89,26-11,369145,2026-06-12,"경제안보 Review 26-11호(북극항로의 구조적 제약요인, EU 중국 경제안보 갈등, 중국 미국 제재 이행 금지 명령)",26-11_369145.pdf,https://www.mofa.go.kr/www/brd/m_26799/down.do?brd_id=100863&seq=369145&data_tp=A&file_seq=1,skip
88,26-10,369144,2026-05-29,"경제안보 Review 26-10호(미중 정상회담, 유가상한제와 러시아의 우회전략, 미국 CIT 122조 관세 위법 판결)",26-10_369144.pdf,https://www.mofa.go.kr/www/brd/m_26799/down.do?brd_id=100863&seq=369144&data_tp=A&file_seq=1,skip
87,26-09,369142,2026-05-15,"경제안보 Review 26-9호(중국 에너지안보 전략, 미국 유럽 투자심사, 글로벌 에너지 의존 및 수급 현황)",26-09_369142.pdf,https://www.mofa.go.kr/www/brd/m_26799/down.do?brd_id=100863&seq=369142&data_tp=A&file_seq=1,skip
86,26-E01,369143,2026-05-08,경제안보 Review 영문 26-1호 (Economic Security Review),26-E01_369143.pdf,https://www.mofa.go.kr/www/brd/m_26799/down.do?brd_id=100863&seq=369143&data_tp=A&file_seq=1,skip
85,26-08,369141,2026-04-24,"경제안보 Review 26-8호(미국 의회 반도체 제조장비 수출통제 강화 논의: MATCH 법안 분석, 중동사태에 따른 공급망 리스크, 호르무즈 해협 봉쇄에 따른 글로벌 공급망 동향 및 시사점)",26-08_369141.pdf,https://www.mofa.go.kr/www/brd/m_26799/down.do?brd_id=100863&seq=369141&data_tp=A&file_seq=1,skip
84,26-07,369140,2026-04-10,"경제안보 Review 26-7호(중동 리스크 확대 속 한-주요국 석유제품 공급망 구조 및 리스크 분석, 에너지 안보 환경의 변화와 한미 원전 협력에 대한 함의, 중동 사태에 따른 공급망 리스크)",26-07_369140.pdf,https://www.mofa.go.kr/www/brd/m_26799/down.do?brd_id=100863&seq=369140&data_tp=A&file_seq=1,skip
83,26-06,369139,2026-03-27,"경제안보 Review 26-6호(중국 경제안보 법안 정비 동향, 양자내성암호(PQC) 전환 동향, 미국 무역법 301조를 활용한 트럼프 행정부의 관세정책 동향)",26-06_369139.pdf,https://www.mofa.go.kr/www/brd/m_26799/down.do?brd_id=100863&seq=369139&data_tp=A&file_seq=1,skip
82,26-05,369138,2026-03-13,"경제안보 Review 26-5호(미국 주도의 핵심광물 공급망, 호르무즈 해협 위기와 경제안보, EU 산업가속화법)",26-05_369138.pdf,https://www.mofa.go.kr/www/brd/m_26799/down.do?brd_id=100863&seq=369138&data_tp=A&file_seq=1,skip
81,26-04,369137,2026-02-27,"경제안보 Review 26-4호(미국IEEPA 관세 판결 쟁점, 인도 AI 정상회의, 미국 EU 관계 냉각 속 유럽 억지력 강화)",26-04_369137.pdf,https://www.mofa.go.kr/www/brd/m_26799/down.do?brd_id=100863&seq=369137&data_tp=A&file_seq=1,skip
80,26-03,369136,2026-02-06,"경제안보 Review 26-3호(미국 AI 경쟁 수출통제와 관세 결합, 미국 기후 에너지 정책 변화, 중국 반도체 굴기)",26-03_369136.pdf,https://www.mofa.go.kr/www/brd/m_26799/down.do?brd_id=100863&seq=369136&data_tp=A&file_seq=1,skip
79,26-02,369134,2026-01-23,"경제안보 Review 26-2호(미국의 베네수엘라 석유산업 개입과 글로벌 에너지 질서 변화, 한중 및 한일 정상회담 경제협력 주요 성과, 중국의 對일본 이중용도품목 수출통제 조치 동향 및 시사점)",26-02_369134.pdf,https://www.mofa.go.kr/www/brd/m_26799/down.do?brd_id=100863&seq=369134&data_tp=A&file_seq=1,skip
78,26-01,369132,2026-01-09,"경제안보 Review 26-1호(2025 미국 국가안보전략서, EU 경제안보 강화 문서, 2026 미국 국방수권법)",26-01_369132.pdf,https://www.mofa.go.kr/www/brd/m_26799/down.do?brd_id=100863&seq=369132&data_tp=A&file_seq=1,skip
77,2025-합본E,369135,2026-01-01,2025년 경제안보 Review 영문 (Economic Security Review) 통합본,2025-합본E_369135.pdf,https://www.mofa.go.kr/www/brd/m_26799/down.do?brd_id=100863&seq=369135&data_tp=A&file_seq=1,skip
76,2025-합본,369133,2026-01-01,2025년 경제안보 Review (25-1호~23호) 통합본,2025-합본_369133.pdf,https://www.mofa.go.kr/www/brd/m_26799/down.do?brd_id=100863&seq=369133&data_tp=A&file_seq=1,skip
75,25-23,369131,2025-12-12,"경제안보 Review 25-23호(피지컬 AI 공급망 분석, 일본 경제안보추진법 개정 동향, 미 CFR 기술우위 전략 보고서)",25-23_369131.pdf,https://www.mofa.go.kr/www/brd/m_26799/down.do?brd_id=100863&seq=369131&data_tp=A&file_seq=1,skip
74,25-22,369130,2025-11-28,"경제안보 Review 25-22호(넥스페리아 사태, 미국의 핵심광물 공급망 협정 체결 동향, 동남아에서의 중-일 간 경제적 경쟁 보고서)",25-22_369130.pdf,https://www.mofa.go.kr/www/brd/m_26799/down.do?brd_id=100863&seq=369130&data_tp=A&file_seq=1,skip
73,25-21,369129,2025-11-14,"경제안보 Review 25-21호(한미 정상회담 경제분야 분석, 미중 무역합의 주요 내용, 중국 경제적 강압과 미.일.대만 대응)",25-21_369129.pdf,https://www.mofa.go.kr/www/brd/m_26799/down.do?brd_id=100863&seq=369129&data_tp=A&file_seq=1,skip
72,25-20,369128,2025-10-31,"경제안보 Review 25-20호(중국 핵심광물 수출통제 강화, 조선해운 분야 미중 간 제재, 원자력 에너지와 기후변화 보고서)",25-20_369128.pdf,https://www.mofa.go.kr/www/brd/m_26799/down.do?brd_id=100863&seq=369128&data_tp=A&file_seq=1,skip
71,25-19,369127,2025-10-17,"경제안보 Review 25-19호(중국의 내권식 경쟁 억제 정책, 미-중 AI 인프라 투자 현황, 미국 신흥바이오기술국가안보위 보고서)",25-19_369127.pdf,https://www.mofa.go.kr/www/brd/m_26799/down.do?brd_id=100863&seq=369127&data_tp=A&file_seq=1,skip
70,25-18,369126,2025-09-26,"경제안보 Review 25-18호(주요국 무역협상 공동성명 결과 분석, 주요국 디지털 규제와 미국의 통상 대응, 기술혁신과 조선업 관련 보고서)",25-18_369126.pdf,https://www.mofa.go.kr/www/brd/m_26799/down.do?brd_id=100863&seq=369126&data_tp=A&file_seq=1,skip
69,25-17,369125,2025-09-12,"경제안보 Review 25-17호(트럼프 2기의 기업 개입과 국가경제안보기금 조성, 한일 한미 정상회담 경제 성과, 한미일 협력을 통한 한국의 핵심광물 공급망 확보)",25-17_369125.pdf,https://www.mofa.go.kr/www/brd/m_26799/down.do?brd_id=100863&seq=369125&data_tp=A&file_seq=1,skip
68,25-16,369124,2025-08-29,"경제안보 Review 25-16호(주요국 AI 정책 재편 동향, 엔비디아 AI 칩 중국 수출 재개 동향, EU-미국 서비스 무역 관련 보고서)",25-16_369124.pdf,https://www.mofa.go.kr/www/brd/m_26799/down.do?brd_id=100863&seq=369124&data_tp=A&file_seq=1,skip
67,25-15,369123,2025-08-14,"경제안보 Review 25-15호(미국의 방산 핵심광물 연계 경제안보 모델, 주요국의 대미 관세 협상 결과, 주요국 경제안보 정책 비교 연구)",25-15_369123.pdf,https://www.mofa.go.kr/www/brd/m_26799/down.do?brd_id=100863&seq=369123&data_tp=A&file_seq=1,skip
66,25-14,369122,2025-07-25,"경제안보 Review 25-14호(미국의 중국산 드론 규제 동향, 중국 광물자원법 개정 동향, 핵연료주기 관리에 대한 미국의 역할 보고서)",25-14_369122.pdf,https://www.mofa.go.kr/www/brd/m_26799/down.do?brd_id=100863&seq=369122&data_tp=A&file_seq=1,skip
65,25-13,369121,2025-07-11,"경제안보 Review 25-13호(미국 예산조정법안 OBBBA와 경제안보, 중동 핵심 해협 경제안보 리스크, 중국제조 2025 전략 평가 보고서)",25-13_369121.pdf,https://www.mofa.go.kr/www/brd/m_26799/down.do?brd_id=100863&seq=369121&data_tp=A&file_seq=1,skip
64,25-12,369120,2025-06-27,"경제안보 Review 25-12호(미국과 중국의 경제적 상호의존성 분석, 2025 G7 정상회의 경제안보 관련 주요내용, 미-인도 간 수출통제 쟁점 보고서)",25-12_369120.pdf,https://www.mofa.go.kr/www/brd/m_26799/down.do?brd_id=100863&seq=369120&data_tp=A&file_seq=1,skip
63,25-11,369119,2025-06-13,"경제안보 Review 25-11호(트럼프 2기 행정부의 관세 조치와 주요국 대응, 글로벌 스테이블코인 법제화 동향, 우크라이나 광물자원 관련 SIPRI 보고서)",25-11_369119.pdf,https://www.mofa.go.kr/www/brd/m_26799/down.do?brd_id=100863&seq=369119&data_tp=A&file_seq=1,skip
62,25-10,369117,2025-05-23,"경제안보 Review 25-10호(미국의 관세 부과 관련 국내 정치적 법적 쟁점, 미 AI 확산 규칙 철회 및 AI 반도체 수출통제 동향, 중국 과잉생산 관련 미국과 EU의 대응 보고서)",25-10_369117.pdf,https://www.mofa.go.kr/www/brd/m_26799/down.do?brd_id=100863&seq=369117&data_tp=A&file_seq=1,skip
61,25-09,369116,2025-05-09,"경제안보 Review 25-9호(중국의 희토류 수출통제 동향, 미국 우주 기술보호협정 체결 동향, 중국 성숙공정 반도체 지배전략과 함의)",25-09_369116.pdf,https://www.mofa.go.kr/www/brd/m_26799/down.do?brd_id=100863&seq=369116&data_tp=A&file_seq=1,skip
60,25-08,369115,2025-04-25,"경제안보 Review 25-8호(유럽방위백서 발표 동향 및 우리 방산업계 영향, 트럼프 행정부의 무기 수출 행정명령, 중국 이중용도 조선산업의 부상과 대응)",25-08_369115.pdf,https://www.mofa.go.kr/www/brd/m_26799/down.do?brd_id=100863&seq=369115&data_tp=A&file_seq=1,skip
59,25-07,369114,2025-04-11,"경제안보 Review 25-7호(글로벌 LNG 동향과 미국의 LNG 정책, 미 상호관세 부과 행정명령의 내용 및 평가, 미국의 AI 지배력과 전력 공급 병목 현상)",25-07_369114.pdf,https://www.mofa.go.kr/www/brd/m_26799/down.do?brd_id=100863&seq=369114&data_tp=A&file_seq=1,skip
58,25-06,369112,2025-03-28,"경제안보 Review 25-6호 (미 우선 투자정책 분석, 중국 양회 경제 분야 결과, 미 USTR 조선해운 분야 301조 조치 제안, 미-EU의 중국 정책 관련 MERICS 보고서)",25-06_369112.pdf,https://www.mofa.go.kr/www/brd/m_26799/down.do?brd_id=100863&seq=369112&data_tp=A&file_seq=1,skip
57,25-05,369111,2025-03-14,"경제안보 Review 25-5호 (중국 메모리 반도체 산업 동향과 경제안보적 시사점, 미 철강 알루미늄 추가 관세 조치 및 영향, FA ""The Real China Trump Card"" 요약)",25-05_369111.pdf,https://www.mofa.go.kr/www/brd/m_26799/down.do?brd_id=100863&seq=369111&data_tp=A&file_seq=1,skip
56,25-04,369110,2025-02-28,"경제안보 Review 25-4호 (미 에너지 우위 전략의 주요 내용과 시사점, 중국 인공지능 굴기와 전략적 함의, 미국 관세 정책에 대한 전문가 평가)",25-04_369110.pdf,https://www.mofa.go.kr/www/brd/m_26799/down.do?brd_id=100863&seq=369110&data_tp=A&file_seq=1,skip
55,25-03,369109,2025-02-14,"경제안보 Review 25-3호(미 트럼프 신행정부 경제정책 동향, 미국의 그린란드 매입 시도 배경과 경제안보적 가치, FA 양자 미래를 선도하기 위한 경쟁 주요 내용)",25-03_369109.pdf,https://www.mofa.go.kr/www/brd/m_26799/down.do?brd_id=100863&seq=369109&data_tp=A&file_seq=1,skip
54,25-02,369107,2025-01-24,"경제안보 Review 25-2호(글로벌 전력인프라 수요 확대, 미중 과학기술협정 개정 동향, AI 경쟁 관련 전문가 기고문)",25-02_369107.pdf,https://www.mofa.go.kr/www/brd/m_26799/down.do?brd_id=100863&seq=369107&data_tp=A&file_seq=1,skip
53,25-01,369106,2025-01-13,"경제안보 Review 25-1호(美 조선 해운 강화 법안 SHIPS Act 분석 및 시사점, 美 하원 중국특위 핵심광물 보고서, 美 ITIF '트럼프 리스크 인덱스' 보고서)",25-01_369106.pdf,https://www.mofa.go.kr/www/brd/m_26799/down.do?brd_id=100863&seq=369106&data_tp=A&file_seq=1,skip
52,2024-합본,369105,2025-01-01,[경제안보외교센터] 경제안보 Review 24-1호~22호 통합본,2024-합본_369105.pdf,https://www.mofa.go.kr/www/brd/m_26799/down.do?brd_id=100863&seq=369105&data_tp=A&file_seq=1,skip
51,24-22,369104,2024-12-13,"경제안보 Review 24-22호(美 우주 정책 동향 및 시사점, EU 집행위 출범 및 美 신정부 관련 대응, 핵심광물 공급망 다변화 기고글)",24-22_369104.pdf,https://www.mofa.go.kr/www/brd/m_26799/down.do?brd_id=100863&seq=369104&data_tp=A&file_seq=1,skip
50,24-21,369103,2024-11-22,"경제안보 Review 24-21호(미국 신정부 경제안보적 시사점, 미국 AI 국가안보각서, CSIS 반도체 수출통제 기고문)",24-21_369103.pdf,https://www.mofa.go.kr/www/brd/m_26799/down.do?brd_id=100863&seq=369103&data_tp=A&file_seq=1,skip
49,24-20,369102,2024-11-08,"경제안보 Review 24-20호(인도와 동남아 주요국 반도체 공급망 협력 동향, 미국 첨단기술 투자 통제 최종 규칙, 일본의 경제안보 전략 관련 기고문)",24-20_369102.pdf,https://www.mofa.go.kr/www/brd/m_26799/down.do?brd_id=100863&seq=369102&data_tp=A&file_seq=3,skip
48,24-19,369101,2024-10-25,"경제안보 Review 24-19호(미 대선 이후 IRA 전망, 중국 수출통제 정책추진 동향, 중국 디스플레이 산업 관련 연구동향)",24-19_369101.pdf,https://www.mofa.go.kr/www/brd/m_26799/down.do?brd_id=100863&seq=369101&data_tp=A&file_seq=1,skip
47,24-18,369100,2024-10-14,"경제안보 Review 24-18호(국내외 배터리 안전 관련 정책 동향, 미국 핵심광물 정책 동향, 중국의 과잉생산 대응 관련 전문가 시각 소개)",24-18_369100.pdf,https://www.mofa.go.kr/www/brd/m_26799/down.do?brd_id=100863&seq=369100&data_tp=A&file_seq=1,skip
46,24-17,369099,2024-09-27,"경제안보 Review 24-17호(저궤도 위성통신 산업, 캘리포니아주 AI규제법안, 경제안보 관련 전문가 기고 정리)",24-17_369099.pdf,https://www.mofa.go.kr/www/brd/m_26799/down.do?brd_id=100863&seq=369099&data_tp=A&file_seq=1,skip
45,24-16,369098,2024-09-13,"경제안보 Review 24-16호(클라우드 산업과 경제안보, 미국의 대중국 핵심신흥기술 통제(해외투자심사,수출통제), AI 전문가 기고문 정리)",24-16_369098.pdf,https://www.mofa.go.kr/www/brd/m_26799/down.do?brd_id=100863&seq=369098&data_tp=A&file_seq=1,skip
44,24-15,369097,2024-08-30,"경제안보 Review 24-15호(주요국 전기차 관련 정책 동향, EU 집행위 정책지침서, 아프리카 핵심광물 개발 해외연구)",24-15_369097.pdf,https://www.mofa.go.kr/www/brd/m_26799/down.do?brd_id=100863&seq=369097&data_tp=A&file_seq=1,skip
43,24-14,369096,2024-08-16,"경제안보 Review 24-14호(국내 핵심광물 수급동향, 미국의 중국 커넥티드 차량 위협인식, 미국 경제안보전략 관련 CSIS 보고서)",24-14_369096.pdf,https://www.mofa.go.kr/www/brd/m_26799/down.do?brd_id=100863&seq=369096&data_tp=A&file_seq=1,skip
42,24-13,369095,2024-08-02,"경제안보 Review 24-13호(경제안보 관점의 글로벌 방산협력 중요성, 경제제재와 대응 전략, “The New Economics of Industrial Policy” 요약)",24-13_369095.pdf,https://www.mofa.go.kr/www/brd/m_26799/down.do?brd_id=100863&seq=369095&data_tp=A&file_seq=1,skip
41,24-12,369094,2024-07-12,"경제안보 Review 24-12호(핵심광물 공급망 다변화와 우리 외교에의 시사점, 한국-네덜란드 경제안보 협력:반도체 산업을 중심으로, 미국의 대중국 제재 효과성 논의 동향)",24-12_369094.pdf,https://www.mofa.go.kr/www/brd/m_26799/down.do?brd_id=100863&seq=369094&data_tp=A&file_seq=1,skip
40,24-11,369092,2024-06-28,"경제안보 Review 24-11호(핵심광물안보파트너십 성과와 과제, 24년 G7 정상회의 경제안보 관련 주요내용, 美 반도체 수출통제의 역효과 원인(The Diplomat 요약))",24-11_369092.pdf,https://www.mofa.go.kr/www/brd/m_26799/down.do?brd_id=100863&seq=369092&data_tp=A&file_seq=1,skip
39,24-10,369091,2024-06-07,"경제안보Review 24-10호(주요국 중국 이커머스 플랫폼 규제 동향, AI서울정상회의, 리튬공급망 연구동향)",24-10_369091.pdf,https://www.mofa.go.kr/www/brd/m_26799/down.do?brd_id=100863&seq=369091&data_tp=A&file_seq=1,skip
38,24-09,369090,2024-05-24,"경제안보Review 24-9호(유럽의회 선거계기 EU 경제안보 조치 평가, 美 IRA 30D 및 FEOC 최종규정 검토, 반도체 밀수경로 관련 기고문 요약)",24-09_369090.pdf,https://www.mofa.go.kr/www/brd/m_26799/down.do?brd_id=100863&seq=369090&data_tp=A&file_seq=1,skip
37,24-08,369089,2024-05-10,"경제안보Review 24-8호(미중 조선·해운 경쟁, 오픈소스 하드웨어 (RISC-V) 관련 동향, CSIS 미국 핵심·신흥기술 수출통제 정책 보고서)",24-08_369089.pdf,https://www.mofa.go.kr/www/brd/m_26799/down.do?brd_id=100863&seq=369089&data_tp=A&file_seq=1,skip
36,24-07,369088,2024-04-26,"경제안보Review 24-7호(미국 물류 분야 경제안보 논의 동향, 美 바이든 행정부 경제안보 정책과 조치의 발전, AI 언어모델의 언어적 편견 관련 연구논문)",24-07_369088.pdf,https://www.mofa.go.kr/www/brd/m_26799/down.do?brd_id=100863&seq=369088&data_tp=A&file_seq=1,skip
35,24-06,369087,2024-04-08,"경제안보 Review 24-6호(중국의 글로벌 태양광산업 장악력과 주요국 대응 동향, 미국의 틱톡(TikTok) 규제_틱톡강제매각법안 하원 통과, 틱톡 규제 동향)",24-06_369087.pdf,https://www.mofa.go.kr/www/brd/m_26799/down.do?brd_id=100863&seq=369087&data_tp=A&file_seq=1,skip
34,24-05,369086,2024-03-22,"경제안보 Review 24-5호(주요국 레거시반도체 생산공정 유치 현황 및 전망, 미 백악관 국제과학기술협력 보고서)",24-05_369086.pdf,https://www.mofa.go.kr/www/brd/m_26799/down.do?brd_id=100863&seq=369086&data_tp=A&file_seq=1,skip
33,24-04,369085,2024-03-08,"경제안보 Review 24-4호(WTO 전자적전송 관세유예연장 의의, IPEF 공급망협정 발효, 국무부 경제수석 Chad Bown 논문 요약)",24-04_369085.pdf,https://www.mofa.go.kr/www/brd/m_26799/down.do?brd_id=100863&seq=369085&data_tp=A&file_seq=1,skip
32,24-03,369084,2024-02-23,"경제안보 Review 24-3호(미국의 전략적 이익을 위한 핵심산업(반도체,전기차) 보호 논의 동향, 주요국의 기술유출 대응 관련 동향외)",24-03_369084.pdf,https://www.mofa.go.kr/www/brd/m_26799/down.do?brd_id=100863&seq=369084&data_tp=A&file_seq=1,skip
31,24-02,369083,2024-02-02,"경제안보 Review 24-2호(EU 경제안보전략 조치계획, 청정에너지 공급망에서 중국의 과잉생산 동향, 2024년 다보스포럼의 경제안보 관련 주요 내용 외)",24-02_369083.pdf,https://www.mofa.go.kr/www/brd/m_26799/down.do?brd_id=100863&seq=369083&data_tp=A&file_seq=1,skip
30,24-01,369082,2024-01-17,"경제안보 Review 24-1호(주요국 플랫폼 규제 논의 동향, 글로벌 공급망에 대한 홍해 위기 파급효과, 미 경제전략 관련 기고문)",24-01_369082.pdf,https://www.mofa.go.kr/www/brd/m_26799/down.do?brd_id=100863&seq=369082&data_tp=A&file_seq=1,skip
29,2023-합본,369093,2024-01-01,(경제안보외교센터) 경제안보 Review 23-1호~22호 통합본,2023-합본_369093.pdf,https://www.mofa.go.kr/www/brd/m_26799/down.do?brd_id=100863&seq=369093&data_tp=A&file_seq=1,skip
28,23-22,369081,2023-12-27,"(경제안보외교센터) 경제안보 Review 23-22호(23년 주요국 경제안보 이슈, 미 IRA FEOC 잠정규정 검토)",23-22_369081.pdf,https://www.mofa.go.kr/www/brd/m_26799/down.do?brd_id=100863&seq=369081&data_tp=A&file_seq=1,skip
27,23-21,369080,2023-11-29,"(경제안보외교센터) 경제안보 Review 23-21호(사이버안보 위험 확대와 주요국 대응 동향, 미국의 AI 행정명령 발표 동향 및 시사점, AI 반도체 주요 특징 및 수출통제 관련 평가)",23-21_369080.pdf,https://www.mofa.go.kr/www/brd/m_26799/down.do?brd_id=100863&seq=369080&data_tp=A&file_seq=1,skip
26,23-20,369076,2023-11-15,"(경제안보외교센터) 경제안보 Review 23-20호(24년 美 대선 공화당 집권 시 경제안보 정책 전망, 최근 중국의 핵심광물 수출통제 조치 동향)",23-20_369076.pdf,https://www.mofa.go.kr/www/brd/m_26799/down.do?brd_id=100863&seq=369076&data_tp=A&file_seq=1,skip
25,23-19,369075,2023-11-01,"(경제안보외교센터)경제안보Review 23-19호(미국 '반도체과학법' 가드레일 최종규정의 내용 및 함의, 미 상무부 반도체 수출통제 확대 및 강화 조치 발표)",23-19_369075.pdf,https://www.mofa.go.kr/www/brd/m_26799/down.do?brd_id=100863&seq=369075&data_tp=A&file_seq=1,skip
24,23-18,369074,2023-10-18,"(경제안보외교센터)경제안보 Review 23-18호(미국제재에 대응하는 중국의 반도체 자립 추진현황과 시사점, 아시아인프라투자은행의 기후금융 확대 및 시사점)",23-18_369074.pdf,https://www.mofa.go.kr/www/brd/m_26799/down.do?brd_id=100863&seq=369074&data_tp=A&file_seq=1,skip
23,23-17,369070,2023-09-20,"(경제안보외교센터)경제안보Review 23-17호(미국, EU의 AI 규범 동향, 미국 주도 글로벌 인프라 구상의 최근 동향과 시사점: 인도·중동·유럽(IMEC) 경제회랑을 중심으로, 중국 7nm 첨단반도체 생산 관련 동향)",23-17_369070.pdf,https://www.mofa.go.kr/www/brd/m_26799/down.do?brd_id=100863&seq=369070&data_tp=A&file_seq=1,skip
22,23-16,369067,2023-09-06,"(경제안보외교센터)경제안보Review 23-16호(틱톡 규제 동향 분석: 데이터 안보와 경제의 연계 가능성, 美 정부 합동 준수 지침(Tri-Seal Compliance) 발표, BRICS 확대 관련 최근 해외 기고문의 주요 내용)",23-16_369067.pdf,https://www.mofa.go.kr/www/brd/m_26799/down.do?brd_id=100863&seq=369067&data_tp=A&file_seq=1,skip
21,23-15,369066,2023-08-23,"(경제안보외교센터) 경제안보Review 23-15호(청정에너지 공급망 확보를 위한 미국의 국제협력 동향, 차세대 전력반도체 기술-SiC, GaN 소재 중심, De-risking 관련 최근 해외 기고문 주요 내용)",23-15_369066.pdf,https://www.mofa.go.kr/www/brd/m_26799/down.do?brd_id=100863&seq=369066&data_tp=A&file_seq=1,skip
20,23-14,369064,2023-08-09,"(경제안보외교센터) 경제안보 Review 23-14호(경제적 강압에 관한 국제 논의 비교분석, 중국 최근 입법관련 경제안보 분석: 대외관계법, 반간첩법 시행 계기)",23-14_369064.pdf,https://www.mofa.go.kr/www/brd/m_26799/down.do?brd_id=100863&seq=369064&data_tp=A&file_seq=1,skip
19,23-13,369062,2023-07-26,"(경제안보외교센터) 경제안보 Review 23-13호(주요국 공급망 위험과 조기경보시스템 관련 현황, CBDC 발행 전망 및 주요국 추진 동향)",23-13_369062.pdf,https://www.mofa.go.kr/www/brd/m_26799/down.do?brd_id=100863&seq=369062&data_tp=A&file_seq=1,skip
18,23-12,369060,2023-07-12,"(경제안보외교센터) 경제안보Review 23-12호(EU 경제안보전략 주요내용 및 평가, 글로벌 인프라투자파트너십(PGII) 추진 동향 및 전망)",23-12_369060.pdf,https://www.mofa.go.kr/www/brd/m_26799/down.do?brd_id=100863&seq=369060&data_tp=A&file_seq=1,skip
17,23-11,369059,2023-06-28,"(경제안보외교센터) 경제안보 Review 23-11호(북미3국(미캐멕) 반도체협력 동향분석, G7차원 대러제재 강화동향)",23-11_369059.pdf,https://www.mofa.go.kr/www/brd/m_26799/down.do?brd_id=100863&seq=369059&data_tp=A&file_seq=1,skip
16,23-10,369056,2023-06-14,"(경제안보외교센터) 경제안보Review 23-10호(유럽 주요국 대중국 대응동향, 미 공급망 구축 2주년 성과보고서, 미-영 대서양선언 주요내용)",23-10_369056.pdf,https://www.mofa.go.kr/www/brd/m_26799/down.do?brd_id=100863&seq=369056&data_tp=A&file_seq=1,skip
15,23-09,369054,2023-05-24,"(경제안보외교센터) 경제안보Review 23-9호(주요국 희토류 공급망 검토: 중국 영구자석 기술 수출금지, G7 정상회의 경제안보 관련 내용 요약평가)",23-09_369054.pdf,https://www.mofa.go.kr/www/brd/m_26799/down.do?brd_id=100863&seq=369054&data_tp=A&file_seq=1,skip
14,23-08,369053,2023-05-10,"(경제안보외교센터) 경제안보Review 23-8호(탄소포집활용저장(CCUS) 기술 및 정책 동향, 대러제재 효과성 동향, 위안화 결제비중 증가 및 탈달러 현상)",23-08_369053.pdf,https://www.mofa.go.kr/www/brd/m_26799/down.do?brd_id=100863&seq=369053&data_tp=A&file_seq=1,skip
13,23-07,369051,2023-04-19,경제안보 Review 23-7호 (미국의 반도체 공급망 재편 전략 / 한-일 관계 정상화에 따른 금융부문 협력 복원·강화 논의),23-07_369051.pdf,https://www.mofa.go.kr/www/brd/m_26799/down.do?brd_id=100863&seq=369051&data_tp=A&file_seq=1,skip
12,23-06,369049,2023-04-05,"경제안보 Review 23-6호 (글로벌 전기차 배터리 시장의 현황과 시사점, 미-일 핵심광물 공급망 강화 협정 내용과 평가)",23-06_369049.pdf,https://www.mofa.go.kr/www/brd/m_26799/down.do?brd_id=100863&seq=369049&data_tp=A&file_seq=1,skip
11,23-05,369048,2023-03-22,"경제안보 Review 23-5호(EU 핵심원자재법 CRMA 분석 및 전망, 인권침해사유 수출통제 동향, 크리스밀러 Chip War 요약 및 시사점)",23-05_369048.pdf,https://www.mofa.go.kr/www/brd/m_26799/down.do?brd_id=100863&seq=369048&data_tp=A&file_seq=1,skip
10,23-04,369046,2023-03-08,"경제안보 Review 23-4호(대중 반도체 수출통제 미·네·일 협력 현황 및 전망, 미 행정부의 인-태전략 1년 Fact Sheet 발표)",23-04_369046.pdf,https://www.mofa.go.kr/www/brd/m_26799/down.do?brd_id=100863&seq=369046&data_tp=A&file_seq=1,skip
9,23-03,369043,2023-02-22,"경제안보 Review 23-3호(해저케이블의 경제안보화, EU 기후변화대응 정책 및 시사점-그린딜 산업계획, Fit for 55 패키지 중심)",23-03_369043.pdf,https://www.mofa.go.kr/www/brd/m_26799/down.do?brd_id=100863&seq=369043&data_tp=A&file_seq=1,skip
8,23-02,369040,2023-02-08,"경제안보 Review 23-2호 (미 첨단컴퓨팅반도체 규제조치와 해외투자심사, 미 국방수권법 경제안보 관련내용)",23-02_369040.pdf,https://www.mofa.go.kr/www/brd/m_26799/down.do?brd_id=100863&seq=369040&data_tp=A&file_seq=1,skip
7,23-01,369025,2023-01-20,"경제안보Review 23-1호(1.18발간) - 청정에너지 핵심광물, 미국 틱톡제재",23-01_369025.pdf,https://www.mofa.go.kr/www/brd/m_26799/down.do?brd_id=100863&seq=369025&data_tp=A&file_seq=1,skip
6,22-06,369007,2022-12-13,경제안보리뷰 6호(EU 경제통상 주요 입법 추진 동향 및 전망(1)),22-06_369007.pdf,https://www.mofa.go.kr/www/brd/m_26799/down.do?brd_id=100863&seq=369007&data_tp=A&file_seq=1,skip
5,22-05,368974,2022-10-21,경제안보리뷰 5호(미국 국가안보전략의 경제안보 주요 내용과 시사점),22-05_368974.pdf,https://www.mofa.go.kr/www/brd/m_26799/down.do?brd_id=100863&seq=368974&data_tp=A&file_seq=1,skip
4,22-04,368972,2022-10-17,경제안보 리뷰 4호-공급망 실사 법제화 관련 동향 (10.17),22-04_368972.pdf,https://www.mofa.go.kr/www/brd/m_26799/down.do?brd_id=100863&seq=368972&data_tp=A&file_seq=1,skip
3,22-03,368936,2022-08-08,경제안보 리뷰 3호-미국의 對중국 전략과 주요 조치에 대한 전망(8.8.),22-03_368936.pdf,https://www.mofa.go.kr/www/brd/m_26799/down.do?brd_id=100863&seq=368936&data_tp=A&file_seq=1,skip
2,22-02,368915,2022-06-24,경제안보 리뷰 2호-한-미 정상회담의 경제·기술 분야 성과와 인도-태평양 경제프레임워크(IPEF) 참여의 의미 (6.24.),22-02_368915.pdf,https://www.mofa.go.kr/www/brd/m_26799/down.do?brd_id=100863&seq=368915&data_tp=A&file_seq=1,skip
1,22-01,368898,2022-05-13,경제안보 리뷰 1호-對러제재 장기화로 글로벌 공급망 불확실성 증대 (5.6.),22-01_368898.pdf,https://www.mofa.go.kr/www/brd/m_26799/down.do?brd_id=100863&seq=368898&data_tp=A&file_seq=1,skip
