issue,art,section,title,pages,total,grade_cand,hits,ews_mineral_lines
22-01,A1,본문,,pdf3–pdf5,0,C,,0
22-02,A1,본문,,pdf3–pdf6,2,C,핵심광물(총론):2,0
22-03,A1,본문,,pdf3–pdf6,4,C,핵심광물(총론):4,0
22-04,A1,본문,,pdf3–pdf3,0,C,,0
22-05,A1,본문,,pdf3–pdf5,1,C,철강(232조 관련 시 한정):1,0
22-06,A1,본문,,pdf3–pdf12,22,B,핵심광물(총론):11; 철강(232조 관련 시 한정):3; 리튬:2; 니켈:2; 코발트:2; 알루미늄·보크사이트:2,0
23-01,A1,본문,,pdf3–pdf10,210,A,핵심광물(총론):45; 리튬:39; 희토류(REE):30; 코발트:29; 니켈:27; 구리:16; 알루미늄·보크사이트:9; 네오디뮴·영구자석:6; 중희토(Dy·Tb):4; 흑연(천연·인조):2; 백금족(PGM):2; 몰리브덴:1,0
23-01,A2,경제안보현안,미국의 중국 ‘틱톡(TikTok)’ 제재 재추진 동향,pdf11–pdf16,0,C,,0
23-01,A3,경제안보동향,* '경제안보동향'에서는 지난 2주간의 경제안보 관련 주요 동향 중,pdf17–pdf18,1,C,핵심광물(총론):1,0
23-02,A1,경제안보분석,미국의 첨단컴퓨팅‧반도체 규제 조치와 해외투자심사,pdf2–pdf8,3,C,핵심광물(총론):2; 백금족(PGM):1,0
23-02,A2,경제안보현안,FY2023년 美국방수권법 경제안보 관련 내용,pdf9–pdf13,10,B,네오디뮴·영구자석:5; 희토류(REE):4; 실리콘·폴리실리콘:1,0
23-02,A3,경제안보연구동향,IRA 관련 美백악관 인사 기고문의 주요 내용,pdf14–pdf15,6,C,알루미늄·보크사이트:2; 철강(232조 관련 시 한정):2; 니켈:1; 핵심광물(총론):1,0
23-02,A4,경제안보연구동향,“The Return of Export Controls”기고문 주요 내용,pdf16–pdf17,0,C,,0
23-02,A5,경제안보연구동향,폴슨 前 美재무장관 미국의 대중 정책 평가 기고문 요약,pdf18–pdf18,0,C,,0
23-02,A6,경제안보동향,* '경제안보동향'에서는 지난 2주간의 경제안보 관련 주요 동향 중,pdf19–pdf21,3,C,핵심광물(총론):3,0
23-03,A1,경제안보분석,해저케이블의 경제안보화,pdf2–pdf13,0,C,,0
23-03,A2,경제안보분석,EU 기후변화대응 정책 및 시사점,pdf14–pdf25,15,B,핵심광물(총론):14; 철강(232조 관련 시 한정):1,0
23-03,A3,경제안보동향,* '경제안보동향'에서는 지난 2주간의 경제안보 관련 주요 동향 중,pdf26–pdf28,13,B,리튬:13,0
23-04,A1,경제안보분석,對中 반도체 수출통제 3자(미·네·일) 협력 현황과 전망,pdf2–pdf9,0,C,,0
23-04,A2,경제안보현안,美 행정부의 인-태전략 1년 Fact Sheet 발표,pdf10–pdf14,0,C,,0
23-04,A3,경제안보동향,* '경제안보동향'에서는 지난 2주간의 경제안보 관련 주요 동향 중,pdf15–pdf19,25,B,희토류(REE):5; 네오디뮴·영구자석:5; 알루미늄·보크사이트:3; 철강(232조 관련 시 한정):3; 핵심광물(총론):3; 리튬:2; 형석·불소:2; 흑연(천연·인조):1; 텅스텐:1,11
23-05,A1,경제안보분석,EU 핵심원자재법(CRMA) 초안 주요 내용 및 전망,pdf2–pdf12,188,A,핵심광물(총론):111; 네오디뮴·영구자석:25; 중희토(Dy·Tb):8; 리튬:5; 니켈:5; 코발트:5; 희토류(REE):4; 흑연(천연·인조):3; 망간:3; 티타늄:3; 갈륨:2; 게르마늄:2; 텅스텐:2; 구리:2; 백금족(PGM):2; 안티몬:1; 바나듐:1; 알루미늄·보크사이트:1; 니오븀·탄탈럼:1; 형석·불소:1; 헬륨:1,0
23-05,A2,경제안보현황,인권 침해 사유 수출통제 동향,pdf13–pdf14,0,C,,0
23-05,A3,경제안보연구동향,Chris Miller 著 『Chip War』 요약 및 시사점,pdf15–pdf18,0,C,,0
23-05,A4,공급망주간동향,* 현재 공급망 리스크 관리를 위해 37개 공관에서 조기경보시스템(EWS)을 운영하고,pdf19–pdf23,16,B,핵심광물(총론):5; 희토류(REE):2; 리튬:2; 니켈:2; 코발트:2; 철강(232조 관련 시 한정):2; 네오디뮴·영구자석:1,6
23-06,A1,경제안보분석,글로벌 전기차 배터리 시장의 현황과 시사점,pdf2–pdf7,44,A,핵심광물(총론):21; 리튬:12; 흑연(천연·인조):4; 니켈:3; 코발트:3; 망간:1,6
23-06,A2,경제안보현안,美-⽇ 핵심광물 공급망 강화 협정 내용과 평가,pdf8–pdf12,51,A,핵심광물(총론):46; 리튬:1; 니켈:1; 코발트:1; 흑연(천연·인조):1; 망간:1,0
23-06,A3,공급망주간동향,* 현재 공급망 리스크 관리를 위해 37개 공관에서 조기경보시스템(EWS)을 운영하고,pdf13–pdf15,35,A,희토류(REE):11; 핵심광물(총론):8; 리튬:3; 중희토(Dy·Tb):2; 코발트:2; 흑연(천연·인조):2; 철강(232조 관련 시 한정):2; 백금족(PGM):2; 네오디뮴·영구자석:1; 니켈:1; 망간:1,9
23-07,A1,경제안보분석,미국의 반도체 공급망 재편 전략,pdf2–pdf21,22,B,실리콘·폴리실리콘:17; 갈륨:1; 텅스텐:1; 알루미늄·보크사이트:1; 티타늄:1; 핵심광물(총론):1,0
23-07,A2,경제안보현안,한-일 관계 정상화에 따른 금융부문 협력 복원·강화 논의,pdf22–pdf26,2,C,핵심광물(총론):2,0
23-07,A3,공급망주간동향,* 현재 공급망 리스크 관리를 위해 37개 공관에서 조기경보시스템(EWS)을 운영하고,pdf27–pdf31,11,B,핵심광물(총론):6; 희토류(REE):2; 철강(232조 관련 시 한정):2; 리튬:1,2
23-08,A1,경제안보분석,탄소 포집·활용·저장(CCUS) 기술 및 관련 정책 동향,pdf2–pdf14,2,C,철강(232조 관련 시 한정):1; 핵심광물(총론):1,0
23-08,A2,경제안보현안,대러 제재 효과성 관련 동향 보고,pdf15–pdf18,0,C,,0
23-08,A3,경제안보현안,최근 위안화 결제비중 증가 및 탈달러 현상,pdf19–pdf23,4,C,니켈:4,0
23-08,A4,공급망주간동향,* 현재 공급망 리스크 관리를 위해 37개 공관에서 조기경보시스템(EWS)을 운영하고,pdf24–pdf28,33,A,리튬:14; 니켈:13; 코발트:2; 핵심광물(총론):2; 네오디뮴·영구자석:1; 우라늄·HALEU:1,6
23-09,A1,경제안보분석,주요국 희토류 공급망 검토,pdf2–pdf15,453,A,희토류(REE):245; 네오디뮴·영구자석:158; 중희토(Dy·Tb):26; 핵심광물(총론):11; 코발트:6; 텅스텐:2; 실리콘·폴리실리콘:2; 리튬:1; 니켈:1; 구리:1,0
23-09,A2,경제안보현안,G7 정상회의 경제안보 관련 내용 요약 및 평가,pdf16–pdf19,3,C,핵심광물(총론):3,0
23-09,A3,공급망주간동향,* 현재 공급망 리스크 관리를 위해 37개 공관에서 조기경보시스템(EWS)을 운영하고,pdf20–pdf23,28,A,니켈:22; 핵심광물(총론):3; 철강(232조 관련 시 한정):2; 구리:1,5
23-10,A1,경제안보분석,유럽 주요국 對중국 대응 동향 및 배경,pdf2–pdf9,2,C,핵심광물(총론):2,0
23-10,A2,경제안보현안,美 공급망 구축 2주년 성과보고서 주요 내용,pdf10–pdf13,13,B,핵심광물(총론):7; 네오디뮴·영구자석:4; 리튬:1; 철강(232조 관련 시 한정):1,0
23-10,A3,경제안보현안,미-영 「대서양선언」 관련 경제안보 주요 내용 및 평가,pdf14–pdf17,12,B,핵심광물(총론):7; 리튬:1; 니켈:1; 코발트:1; 흑연(천연·인조):1; 망간:1,0
23-10,A4,공급망주간동향,* 현재 공급망 리스크 관리를 위해 37개 공관에서 조기경보시스템(EWS)을 운영하고,pdf18–pdf21,8,C,철강(232조 관련 시 한정):4; 리튬:3; 니켈:1,4
23-11,A1,경제안보분석,"북미 3국(미국, 캐나다, 멕시코) 반도체 협력 동향 분석",pdf2–pdf9,8,B,핵심광물(총론):7; 백금족(PGM):1,0
23-11,A2,경제안보현안,G7 차원의 대러 제재 강화 동향: 美·EU측 추가조치,pdf10–pdf13,4,C,니켈:1; 우라늄·HALEU:1; 구리:1; 알루미늄·보크사이트:1,0
23-11,A3,공급망주간동향,* 현재 공급망 리스크 관리를 위해 37개 공관에서 조기경보시스템(EWS)을 운영하고,pdf14–pdf17,35,A,리튬:26; 니켈:3; 구리:3; 희토류(REE):1; 알루미늄·보크사이트:1; 핵심광물(총론):1,9
23-12,A1,경제안보분석,EU 경제안보전략 주요내용 요약 및 평가,pdf2–pdf10,9,B,핵심광물(총론):9,0
23-12,A2,경제안보현안,글로벌 인프라·투자 파트너십(PGII) 추진 동향 및 전망,pdf11–pdf17,3,C,핵심광물(총론):3,0
23-12,A3,공급망주간동향,* 공급망 리스크 관리를 위해 37개 공관에서 조기경보시스템(EWS)을 운영하고 있음,pdf18–pdf21,42,A,니켈:11; 구리:11; 핵심광물(총론):8; 갈륨:6; 게르마늄:6,8
23-13,A1,경제안보분석,주요국의 공급망 위험과 조기경보시스템 관련 현황,pdf1–pdf6,3,C,핵심광물(총론):2; 희토류(REE):1,0
23-13,A2,경제안보현안,CBDC 발행 전망 및 주요국 추진 동향,pdf7–pdf15,14,B,리튬:10; 핵심광물(총론):2; 니켈:1; 실리콘·폴리실리콘:1,2
23-14,A1,경제안보분석,‘경제적 강압’에 관한 국제 논의 비교·분석,pdf1–pdf7,0,C,,0
23-14,A2,경제안보현안,"중국 최근 입법 관련 경제안보 분석 : 대외관계법, 반간첩법 시행 계기",pdf8–pdf17,29,A,희토류(REE):5; 핵심광물(총론):5; 구리:4; 리튬:2; 니켈:2; 갈륨:2; 게르마늄:2; 코발트:1; 흑연(천연·인조):1; 망간:1; 텅스텐:1; 알루미늄·보크사이트:1; 철강(232조 관련 시 한정):1; 형석·불소:1,5
23-15,A1,경제안보분석,청정에너지 공급망 확보를 위한 미국의 국제협력 동향,pdf2–pdf8,63,A,핵심광물(총론):31; 철강(232조 관련 시 한정):13; 알루미늄·보크사이트:8; 희토류(REE):4; 네오디뮴·영구자석:2; 니켈:1; 코발트:1; 우라늄·HALEU:1; 구리:1; 백금족(PGM):1,0
23-15,A2,경제안보분석,"차세대 전력반도체 기술 – SiC, GaN 소재 중심으로",pdf9–pdf25,99,A,갈륨:60; 게르마늄:10; 실리콘·폴리실리콘:9; 니켈:6; 핵심광물(총론):6; 희토류(REE):3; 안티몬:1; 인듐:1; 구리:1; 알루미늄·보크사이트:1; 철강(232조 관련 시 한정):1,4
23-16,A1,경제안보분석,틱톡(TikTok) 규제 동향 분석: 데이터 안보와 경제의 연계 가능성 최용호‧박지연,pdf2–pdf13,0,C,,0
23-16,A2,경제안보현안,美정부 합동 준수 지침 (Tri-Seal Compliance Note) 발표,pdf14–pdf28,5,C,핵심광물(총론):2; 리튬:1; 알루미늄·보크사이트:1; 철강(232조 관련 시 한정):1,3
23-17,A1,경제안보분석,"미국, EU의 AI 규범 동향",pdf2–pdf14,0,C,,0
23-17,A2,경제안보현안,미국 주도 글로벌 인프라 구상의 최근 동향과 시사점: “인도·중동·유럽(IMEC) 경제회랑”을 중심으로,pdf15–pdf20,0,C,,0
23-17,A3,경제안보현안,중국 7nm 첨단반도체 생산 관련 동향,pdf21–pdf29,34,A,희토류(REE):16; 핵심광물(총론):6; 철강(232조 관련 시 한정):5; 리튬:4; 니켈:2; 실리콘·폴리실리콘:1,15
23-18,A1,경제안보분석,미국의 제재에 대응하는 중국의 반도체 자립 추진 현황과,pdf1–pdf1,2,C,갈륨:1; 게르마늄:1,0
23-18,A2,경제안보분석,미국의 제재에 대응하는 중국의 반도체 자립 추진 현황과 시사점,pdf2–pdf9,5,B,실리콘·폴리실리콘:5,0
23-18,A3,경제안보현안,아시아인프라투자은행의 기후금융 확대 및 시사점,pdf10–pdf22,87,A,희토류(REE):28; 철강(232조 관련 시 한정):14; 갈륨:13; 게르마늄:8; 니켈:4; 핵심광물(총론):4; 중희토(Dy·Tb):3; 코발트:2; 실리콘·폴리실리콘:2; 우라늄·HALEU:2; 알루미늄·보크사이트:2; 리튬:1; 망간:1; 텅스텐:1; 백금족(PGM):1; 몰리브덴:1,24
23-19,A1,경제안보분석,미국 「반도체과학법(CHIPS and Science Act)」,pdf1–pdf9,3,C,실리콘·폴리실리콘:2; 흑연(천연·인조):1,0
23-19,A2,경제안보현안,美상무부 반도체 수출통제 확대 및 강화 조치 발표,pdf10–pdf21,101,A,니켈:27; 흑연(천연·인조):23; 리튬:15; 핵심광물(총론):11; 철강(232조 관련 시 한정):7; 코발트:6; 희토류(REE):5; 우라늄·HALEU:4; 알루미늄·보크사이트:2; 망간:1,29
23-20,A1,경제안보분석,’24년 美 대선 공화당 집권 시 경제안보 정책 전망,pdf1–pdf5,2,C,철강(232조 관련 시 한정):1; 핵심광물(총론):1,0
23-20,A2,경제안보현안,최근 중국의 핵심광물 수출통제 조치 동향,pdf6–pdf17,119,A,희토류(REE):33; 흑연(천연·인조):22; 핵심광물(총론):13; 갈륨:12; 네오디뮴·영구자석:9; 게르마늄:7; 알루미늄·보크사이트:5; 철강(232조 관련 시 한정):5; 니켈:4; 리튬:3; 우라늄·HALEU:3; 중희토(Dy·Tb):1; 코발트:1; 구리:1,18
23-21,A1,경제안보분석,사이버안보 위험 확대와 주요국 대응 동향 : 사이버 공급망 안보를 중심으로,pdf2–pdf11,4,C,핵심광물(총론):3; 실리콘·폴리실리콘:1,0
23-21,A2,경제안보현안,미국의 AI 행정명령 발표 동향 및 시사점,pdf12–pdf18,0,C,,0
23-21,A3,경제안보현안,인공지능(AI) 반도체 주요 특징 및 수출통제 관련 평가,pdf19–pdf28,33,A,핵심광물(총론):11; 리튬:4; 게르마늄:3; 헬륨:3; 희토류(REE):2; 니켈:2; 흑연(천연·인조):2; 우라늄·HALEU:2; 갈륨:1; 실리콘·폴리실리콘:1; 알루미늄·보크사이트:1; 철강(232조 관련 시 한정):1,15
23-22,A1,경제안보분석,’23년 주요국 경제안보 관련 이슈 및 국제협력 동향,pdf1–pdf16,64,A,핵심광물(총론):30; 갈륨:10; 흑연(천연·인조):7; 게르마늄:7; 리튬:5; 네오디뮴·영구자석:1; 니켈:1; 구리:1; 알루미늄·보크사이트:1; 철강(232조 관련 시 한정):1,0
23-22,A2,경제안보현안,美 IRA ‘해외우려기관(FEOC)’ 잠정규정 검토,pdf17–pdf33,95,A,핵심광물(총론):28; 희토류(REE):14; 철강(232조 관련 시 한정):14; 알루미늄·보크사이트:7; 리튬:6; 니켈:5; 구리:5; 코발트:4; 흑연(천연·인조):4; 네오디뮴·영구자석:3; 우라늄·HALEU:3; 중희토(Dy·Tb):1; 백금족(PGM):1,27
24-01,A1,경제안보분석,주요국(EU·美·日·中) 플랫폼 규제 논의 동향,pdf2–pdf13,0,C,,0
24-01,A2,경제안보현안,글로벌 공급망에 대한 홍해 위기의 파급효과와 고려사항,pdf14–pdf23,0,C,,0
24-01,A3,경제안보연구동향,미국의 경제전략 관련 기고문의 주요 내용,pdf24–pdf34,61,A,리튬:17; 철강(232조 관련 시 한정):16; 핵심광물(총론):13; 희토류(REE):4; 우라늄·HALEU:4; 구리:4; 니켈:1; 망간:1; 알루미늄·보크사이트:1,25
24-02,A1,경제안보분석,EU 경제안보전략 조치계획(’24.1.24.) 주요 내용,pdf2–pdf11,5,B,핵심광물(총론):2; 희토류(REE):1; 갈륨:1; 게르마늄:1,0
24-02,A2,경제안보현안,청정에너지 공급망에서 중국의 과잉생산 동향과 시사점,pdf12–pdf16,2,C,리튬:2,0
24-02,A3,경제안보현안,2024년 다보스포럼의 경제안보 관련 주요 내용,pdf17–pdf28,3,C,핵심광물(총론):3,0
24-02,A4,경제안보연구동향,[연구논문] 이재민* (2023). ‘경제안보’의 법적 의미와 외연: 국제법적 측면을 중심으로. 국제법학회논총.,pdf29–pdf38,39,A,핵심광물(총론):10; 리튬:9; 흑연(천연·인조):6; 니켈:5; 구리:5; 갈륨:1; 게르마늄:1; 알루미늄·보크사이트:1; 철강(232조 관련 시 한정):1,18
24-03,A1,경제안보분석,"미국의 전략적 이익 증진을 위한 핵심산업(반도체, 전기차) 보호 논의 동향",pdf2–pdf8,14,B,핵심광물(총론):13; 희토류(REE):1,0
24-03,A2,경제안보현안,주요국 기술유출 대응 관련 법･제도 동향,pdf9–pdf35,79,A,희토류(REE):28; 리튬:14; 핵심광물(총론):10; 구리:9; 중희토(Dy·Tb):3; 니켈:3; 코발트:2; 텅스텐:2; 철강(232조 관련 시 한정):2; 네오디뮴·영구자석:1; 흑연(천연·인조):1; 갈륨:1; 게르마늄:1; 우라늄·HALEU:1; 알루미늄·보크사이트:1,18
24-04,A1,경제안보분석,WTO 전자적 전송에 대한 관세 유예 선언 연장의 의의와 향후 고려사항,pdf2–pdf6,0,C,,0
24-04,A2,경제안보현안,IPEF 공급망 협정(필라2) 발효: 주요 내용과 전망,pdf7–pdf13,11,B,핵심광물(총론):11,0
24-04,A3,경제안보연구동향,"Chad P. Bown, 『Trade policy, industrial policy, and the",pdf14–pdf23,23,B,철강(232조 관련 시 한정):8; 니켈:3; 흑연(천연·인조):3; 헬륨:2; 핵심광물(총론):2; 리튬:1; 갈륨:1; 실리콘·폴리실리콘:1; 구리:1; 알루미늄·보크사이트:1,10
24-05,A1,경제안보분석,과잉 의존 해소 및 공급망 회복력 강화를 위한 주요국의 레거시 반도체 생산공정 유치 현황과 전망,pdf2–pdf11,5,B,갈륨:3; 실리콘·폴리실리콘:2,0
24-05,A2,경제안보현안,"美 국가과학기술위원회(NSTC), 국제과학기술협력 격년 보고서 발표(24.2월)",pdf12–pdf19,0,C,,0
24-05,A3,경제안보연구동향,[해외논문 요약] 미국 수출통제 조치가 일본의 대중국 무역에 미친 영향 분석,pdf20–pdf32,40,A,리튬:14; 철강(232조 관련 시 한정):10; 핵심광물(총론):7; 니켈:4; 흑연(천연·인조):2; 실리콘·폴리실리콘:2; 헬륨:1,17
24-06,A1,경제안보분석,중국의 글로벌 태양광산업 장악력과 주요국 대응 동향,pdf2–pdf16,96,A,실리콘·폴리실리콘:93; 리튬:2; 알루미늄·보크사이트:1,0
24-06,A2,경제안보현안,미국의 틱톡(TikTok) 규제: 「틱톡강제매각법안」 하원 통과,pdf17–pdf25,0,C,,0
24-06,A3,경제안보연구동향,미국의 틱톡 규제 관련 전문가 시각 소개,pdf26–pdf40,49,A,희토류(REE):13; 핵심광물(총론):13; 철강(232조 관련 시 한정):8; 리튬:7; 알루미늄·보크사이트:3; 니켈:2; 코발트:2; 구리:1,20
24-07,A1,경제안보분석,미국의 물류 분야 경제안보 논의 동향 : 중국의 물류정보플랫폼(LOGINK)을 중심으로,pdf2–pdf8,1,C,철강(232조 관련 시 한정):1,0
24-07,A2,경제안보분석,美 바이든 행정부 경제안보 정책과 조치의 발전,pdf9–pdf15,6,C,철강(232조 관련 시 한정):4; 알루미늄·보크사이트:2,0
24-07,A3,경제안보연구동향,AI 언어모델의 언어적 편견 관련 연구논문 요약,pdf16–pdf31,85,A,리튬:32; 철강(232조 관련 시 한정):17; 핵심광물(총론):12; 희토류(REE):6; 구리:6; 알루미늄·보크사이트:6; 우라늄·HALEU:3; 니켈:2; 네오디뮴·영구자석:1,22
24-08,A1,경제안보분석,미중 조선·해운 경쟁: 잠재적 경제안보 이슈의 부상,pdf2–pdf11,25,C,철강(232조 관련 시 한정):23; 알루미늄·보크사이트:1; 핵심광물(총론):1,0
24-08,A2,경제안보현안,오픈소스 하드웨어 (“RISC-V”) 관련 동향,pdf12–pdf15,0,C,,0
24-08,A3,경제안보연구동향,『핵심·신흥 기술에 대한 미국 수출통제 정책의 최적화』 요약 및 시사점,pdf16–pdf27,22,B,철강(232조 관련 시 한정):8; 리튬:3; 실리콘·폴리실리콘:3; 흑연(천연·인조):2; 희토류(REE):1; 니켈:1; 갈륨:1; 우라늄·HALEU:1; 구리:1; 알루미늄·보크사이트:1,10
24-09,A1,경제안보분석,"유럽의회 선거(’24.6월) 계기, EU 경제안보 관련 조치 평가･전망",pdf2–pdf10,7,B,핵심광물(총론):6; 철강(232조 관련 시 한정):1,0
24-09,A2,경제안보현안,美 IRA 30D(친환경차 세액공제) 및 FEOC 최종규정 검토,pdf11–pdf15,58,A,핵심광물(총론):40; 흑연(천연·인조):18,0
24-09,A3,경제안보연구동향,“반도체 밀수경로 맵핑 및 수출통제 준수 개선” 기고문 요약,pdf16–pdf28,62,A,리튬:16; 텅스텐:9; 핵심광물(총론):9; 니켈:6; 흑연(천연·인조):6; 알루미늄·보크사이트:5; 철강(232조 관련 시 한정):5; 네오디뮴·영구자석:2; 우라늄·HALEU:2; 구리:2,25
24-10,A1,경제안보분석,주요국의 중국 이커머스 플랫폼 규제 논의 동향,pdf2–pdf10,0,C,,0
24-10,A2,경제안보현안,AI 서울 정상회의 개최 동향,pdf11–pdf15,0,C,,0
24-10,A3,경제안보연구동향,「리튬이온 배터리 공급망의 프렌드쇼어링」 주요 내용,pdf16–pdf23,152,A,핵심광물(총론):45; 리튬:44; 흑연(천연·인조):15; 망간:13; 니켈:8; 코발트:8; 구리:6; 철강(232조 관련 시 한정):5; 우라늄·HALEU:3; 알루미늄·보크사이트:2; 백금족(PGM):2; 네오디뮴·영구자석:1,10
24-11,A1,경제안보분석,핵심광물안보파트너십(MSP) 지난 2년간 성과와 과제,pdf2–pdf9,177,A,핵심광물(총론):97; 흑연(천연·인조):17; 니켈:11; 코발트:10; 희토류(REE):9; 망간:9; 리튬:7; 구리:5; 네오디뮴·영구자석:3; 갈륨:2; 게르마늄:2; 중희토(Dy·Tb):1; 텅스텐:1; 바나듐:1; 백금족(PGM):1; 니오븀·탄탈럼:1,0
24-11,A2,경제안보현안,2024년 G7 정상회의 경제안보 관련 주요 내용 및 평가,pdf10–pdf15,9,B,핵심광물(총론):9,0
24-11,A3,경제안보연구동향,“美 반도체 수출통제의 역효과 원인” 논평 요약 (The Diplomat 기고),pdf16–pdf25,64,A,우라늄·HALEU:18; 리튬:14; 구리:6; 희토류(REE):5; 핵심광물(총론):5; 니켈:3; 흑연(천연·인조):3; 철강(232조 관련 시 한정):3; 형석·불소:3; 게르마늄:1; 텅스텐:1; 알루미늄·보크사이트:1; 몰리브덴:1,25
24-12,A1,본문,,pdf3–pdf11,141,A,핵심광물(총론):60; 희토류(REE):18; 흑연(천연·인조):12; 코발트:11; 니켈:10; 망간:9; 리튬:7; 구리:7; 네오디뮴·영구자석:2; 알루미늄·보크사이트:2; 중희토(Dy·Tb):1; 갈륨:1; 게르마늄:1,0
24-12,A2,경제안보분석,한국네덜란드 경제안보 협력반도체 산업을 중심으로 -,pdf12–pdf21,6,B,실리콘·폴리실리콘:3; 인듐:1; 구리:1; 핵심광물(총론):1,0
24-12,A3,경제안보연구동향,미국의 중국 제재 정책의 효과성 관련 논의 동향 :,pdf22–pdf31,68,A,희토류(REE):19; 리튬:13; 핵심광물(총론):13; 구리:6; 니켈:5; 코발트:2; 망간:2; 갈륨:2; 텅스텐:2; 흑연(천연·인조):1; 게르마늄:1; 실리콘·폴리실리콘:1; 몰리브덴:1,14
24-13,A1,경제안보분석,경제안보 관점에서 글로벌 방산협력의 중요성,pdf1–pdf10,3,C,텅스텐:2; 핵심광물(총론):1,0
24-13,A2,경제안보분석,경제제재와 대응 전략: 이론적 논의와 호주의 사례,pdf11–pdf18,3,C,철강(232조 관련 시 한정):2; 구리:1,0
24-13,A3,경제안보연구동향,"Reka Juhasz, Nathan J. Lane, Dani Rodrik 著",pdf19–pdf29,39,A,텅스텐:21; 리튬:9; 구리:2; 알루미늄·보크사이트:2; 희토류(REE):1; 실리콘·폴리실리콘:1; 철강(232조 관련 시 한정):1; 몰리브덴:1; 핵심광물(총론):1,10
24-14,A1,경제안보분석,’24년 상반기 국내 핵심광물 수급 동향,pdf2–pdf7,191,A,핵심광물(총론):36; 흑연(천연·인조):30; 니켈:29; 리튬:27; 코발트:22; 망간:21; 희토류(REE):18; 네오디뮴·영구자석:3; 중희토(Dy·Tb):2; 철강(232조 관련 시 한정):2; 실리콘·폴리실리콘:1,0
24-14,A2,경제안보현안,미국의 中 커넥티드 차량(Connected Vehicle) 위협 인식,pdf8–pdf10,0,C,,0
24-14,A3,경제안보연구동향,"Emily Benson, Catharine Mouradian, Andrea L. Palazzi 著",pdf11–pdf22,15,B,핵심광물(총론):7; 철강(232조 관련 시 한정):5; 리튬:2; 알루미늄·보크사이트:1,6
24-15,A1,본문,,pdf3–pdf9,14,B,리튬:5; 핵심광물(총론):4; 네오디뮴·영구자석:3; 흑연(천연·인조):2,0
24-15,A2,경제안보현안,년 집행위정책지침서의경제안보관련내용분석,pdf10–pdf16,6,B,핵심광물(총론):6,0
24-15,A3,경제안보연구동향,핵심광물개발이아프리카에미치는영향 경제안보연구동향에서는주요국정부싱크탱크외신등의발간물중,pdf17–pdf26,91,A,핵심광물(총론):27; 리튬:19; 희토류(REE):8; 코발트:8; 철강(232조 관련 시 한정):8; 흑연(천연·인조):6; 망간:6; 구리:2; 백금족(PGM):2; 네오디뮴·영구자석:1; 니켈:1; 안티몬:1; 우라늄·HALEU:1; 알루미늄·보크사이트:1,19
24-16,A1,경제안보분석,클라우드 산업과 경제안보: 데이터안보와 기술통제,pdf2–pdf12,3,C,핵심광물(총론):3,0
24-16,A2,경제안보현안,미국의 대중국 핵심신흥기술 통제 동향:,pdf13–pdf18,1,C,갈륨:1,0
24-16,A3,경제안보연구동향,AI 규제 관련 전문가 기고문 주요 내용,pdf19–pdf27,43,A,핵심광물(총론):14; 리튬:9; 철강(232조 관련 시 한정):5; 구리:3; 흑연(천연·인조):2; 갈륨:2; 안티몬:2; 니켈:1; 코발트:1; 게르마늄:1; 텅스텐:1; 인듐:1; 백금족(PGM):1,13
24-17,A1,경제안보분석,저궤도 위성통신 산업과 경제안보,pdf2–pdf10,0,C,,0
24-17,A2,경제안보현안,美 캘리포니아주 AI 규제 법안(SB 1047) 입법 동향,pdf11–pdf13,0,C,,0
24-17,A3,경제안보연구동향,국가안보와 경제정책 관련 전문가 시각 소개,pdf14–pdf20,30,A,핵심광물(총론):17; 희토류(REE):4; 네오디뮴·영구자석:3; 리튬:3; 철강(232조 관련 시 한정):2; 망간:1,7
24-18,A1,경제안보분석,국내 및 주요국 배터리 안전 관련 정책 동향,pdf2–pdf9,20,B,리튬:16; 니켈:1; 코발트:1; 흑연(천연·인조):1; 핵심광물(총론):1,0
24-18,A2,경제안보현안,미국의 핵심광물 공급망 정책과 향후 전망,pdf10–pdf13,82,A,핵심광물(총론):59; 희토류(REE):22; 네오디뮴·영구자석:1,0
24-18,A3,경제안보연구동향,중국의 과잉생산 문제 대응 관련 전문가 시각 소개,pdf14–pdf22,42,A,핵심광물(총론):19; 철강(232조 관련 시 한정):7; 리튬:6; 구리:3; 알루미늄·보크사이트:3; 희토류(REE):1; 니켈:1; 우라늄·HALEU:1; 티타늄:1,11
24-19,A1,본문,,pdf3–pdf31,0,C,,0
24-20,A1,경제안보분석,인도와 동남아 주요국의 반도체 공급망 협력 동향,pdf2–pdf16,4,C,실리콘·폴리실리콘:2; 니켈:1; 갈륨:1,0
24-20,A2,경제안보현안,美 첨단기술 분야 투자 통제 최종규칙 발표,pdf17–pdf19,0,C,,0
24-20,A3,경제안보연구동향,일본의 경제안보 전략,pdf20–pdf28,38,A,핵심광물(총론):14; 리튬:7; 구리:6; 희토류(REE):4; 니켈:3; 네오디뮴·영구자석:1; 코발트:1; 흑연(천연·인조):1; 실리콘·폴리실리콘:1,10
24-21,A1,경제안보분석,미국 新정부의 글로벌 리더십 전망과 경제안보적 시사점,pdf2–pdf11,2,C,철강(232조 관련 시 한정):1; 핵심광물(총론):1,0
24-21,A2,경제안보현안,美 백악관 AI 국가안보 각서 발표 동향 및 향후 전망,pdf12–pdf15,0,C,,0
24-21,A3,경제안보연구동향,CSIS ‘美 반도체 수출통제의 양면성’ 요약 정리,pdf16–pdf23,20,B,리튬:4; 우라늄·HALEU:3; 니켈:2; 게르마늄:2; 알루미늄·보크사이트:2; 핵심광물(총론):2; 갈륨:1; 안티몬:1; 실리콘·폴리실리콘:1; 구리:1; 철강(232조 관련 시 한정):1,8
24-22,A1,경제안보분석,美 우주 정책 동향 및 시사점,pdf2–pdf15,0,C,,0
24-22,A2,경제안보현안,’24-’29년 EU 집행위 출범 및 美 신정부 관련 대응,pdf16–pdf22,4,C,철강(232조 관련 시 한정):2; 알루미늄·보크사이트:1; 핵심광물(총론):1,0
24-22,A3,경제안보연구동향,핵심광물 공급망 다변화를 위한 무역정책의 활용,pdf23–pdf35,155,A,핵심광물(총론):67; 철강(232조 관련 시 한정):19; 구리:10; 안티몬:8; 알루미늄·보크사이트:8; 희토류(REE):7; 니켈:7; 네오디뮴·영구자석:4; 리튬:4; 갈륨:4; 게르마늄:4; 흑연(천연·인조):3; 우라늄·HALEU:3; 코발트:2; 텅스텐:2; 니오븀·탄탈럼:2; 실리콘·폴리실리콘:1,21
25-01,A1,Ⅰ. 경제안보 분석,‘美 조선‧해운 강화 법안,pdf4–pdf17,3,C,철강(232조 관련 시 한정):3,0
25-01,A2,Ⅱ. 경제안보 현안,美 하원 중국특위 보고서로 본 핵심광물 공급망 협력 전망,pdf18–pdf22,70,A,핵심광물(총론):59; 희토류(REE):5; 리튬:3; 우라늄·HALEU:2; 텅스텐:1,0
25-01,A3,Ⅲ. 경제안보연구동향,美 정보기술혁신재단 ‘트럼프 리스크 인덱스’ 보고서,pdf23–pdf32,33,A,핵심광물(총론):10; 니켈:6; 리튬:5; 실리콘·폴리실리콘:3; 철강(232조 관련 시 한정):3; 텅스텐:2; 구리:2; 희토류(REE):1; 알루미늄·보크사이트:1,10
25-02,A1,Ⅰ. 경제안보 분석,글로벌 전력인프라 수요 확대와 경제안보,pdf4–pdf17,0,C,,0
25-02,A2,Ⅱ. 경제안보 현안,美·中 과학기술협정(STA) 개정 동향 및 시사점,pdf18–pdf25,0,C,,0
25-02,A3,Ⅲ. 경제안보 연구동향,AI 경쟁 관련 전문가 기고문 * 주요 내용,pdf26–pdf29,0,C,,0
25-02,A4,Ⅳ. EWS 공급망/에너지 동향,EWS 공급망/에너지 관련 모니터링 결과 (기간: 2024.12.31.~2025.1.15.),pdf30–pdf36,38,A,리튬:11; 철강(232조 관련 시 한정):8; 안티몬:5; 핵심광물(총론):5; 니켈:4; 희토류(REE):2; 흑연(천연·인조):1; 망간:1; 형석·불소:1,12
25-03,A1,Ⅰ. 경제안보 분석,美 신정부 경제정책 동향의 경제안보적 시사점,pdf4–pdf17,17,B,철강(232조 관련 시 한정):7; 핵심광물(총론):6; 알루미늄·보크사이트:3; 텅스텐:1,0
25-03,A2,Ⅱ. 경제안보 현안,미국의 그린란드 매입 시도 배경과 경제안보적 가치,pdf18–pdf24,25,A,희토류(REE):19; 핵심광물(총론):2; 니켈:1; 코발트:1; 흑연(천연·인조):1; 우라늄·HALEU:1,0
25-03,A3,Ⅲ. 경제안보 연구동향,FA ‘양자 미래를 선도하기 위한 경쟁’ 주요 내용,pdf25–pdf30,0,C,,0
25-03,A4,Ⅳ. EWS 공급망/에너지 동향,EWS 공급망/에너지 관련 모니터링 결과 (기간: 2025.1.15.~2025.2.5.),pdf31–pdf37,56,A,리튬:14; 핵심광물(총론):10; 희토류(REE):5; 니켈:5; 구리:5; 네오디뮴·영구자석:2; 텅스텐:2; 인듐:2; 철강(232조 관련 시 한정):2; 몰리브덴:2; 중희토(Dy·Tb):1; 코발트:1; 흑연(천연·인조):1; 망간:1; 갈륨:1; 게르마늄:1; 우라늄·HALEU:1,13
25-04,A1,Ⅰ. 경제안보 분석,美 에너지 우위(Energy Dominance) 전략의 주요내용과 시사점,pdf4–pdf12,6,B,핵심광물(총론):4; 우라늄·HALEU:1; 철강(232조 관련 시 한정):1,0
25-04,A2,Ⅱ. 경제안보 현안,중국 인공 지능(AI) 굴기와 전략적 함의,pdf13–pdf19,0,C,,0
25-04,A3,Ⅲ. 경제안보 연구동향,미국 관세정책에 대한 전문가 평가,pdf20–pdf23,5,B,핵심광물(총론):3; 니켈:1; 우라늄·HALEU:1,0
25-04,A4,Ⅳ. EWS 공급망/에너지 동향,EWS 공급망/에너지 관련 모니터링 결과 (기간: 2025.2.5.~2025.2.19.),pdf24–pdf28,43,A,리튬:12; 니켈:11; 핵심광물(총론):11; 철강(232조 관련 시 한정):6; 알루미늄·보크사이트:2; 망간:1,9
25-05,A1,Ⅰ. 경제안보 분석,중국 메모리 반도체 산업 동향과 경제안보적 시사점,pdf4–pdf12,3,C,실리콘·폴리실리콘:3,0
25-05,A2,Ⅱ. 경제안보 현안,美 철강·알루미늄 추가 관세 조치 및 영향,pdf13–pdf18,77,A,철강(232조 관련 시 한정):43; 알루미늄·보크사이트:33; 핵심광물(총론):1,0
25-05,A3,Ⅲ. 경제안보 연구동향,"FA, “The Real China Trump Card” 요약",pdf19–pdf23,1,C,백금족(PGM):1,0
25-05,A4,Ⅳ. EWS 공급망/에너지 동향,EWS 공급망/에너지 관련 모니터링 결과 (기간: 2025.2.19.~2025.3.5.),pdf24–pdf29,41,A,희토류(REE):12; 구리:11; 철강(232조 관련 시 한정):6; 코발트:5; 핵심광물(총론):4; 니켈:2; 망간:1,11
25-06,A1,Ⅰ. 경제안보 분석,「미국 우선 투자정책」 분석 및 시사점,pdf4–pdf8,3,C,핵심광물(총론):2; 철강(232조 관련 시 한정):1,0
25-06,A2,Ⅱ. 경제안보 현안,2025년 중국 양회 경제 분야 주요 결과 및 시사점,pdf9–pdf12,0,C,,0
25-06,A3,Ⅱ. 경제안보 현안,美 USTR 조선‧해운 분야 301조 조치 제안의 주요 내용 및 영향,pdf13–pdf16,0,C,,0
25-06,A4,Ⅲ. 경제안보 연구동향,"MERICS, 美-EU의 對중국 정책 우선순위 제언 보고서 발간",pdf17–pdf22,3,C,알루미늄·보크사이트:1; 철강(232조 관련 시 한정):1; 핵심광물(총론):1,0
25-06,A5,Ⅳ. EWS 공급망/에너지 동향,EWS 공급망/에너지 관련 모니터링 결과 (기간: 2025.3.5.~2025.3.19.),pdf23–pdf29,53,A,핵심광물(총론):16; 철강(232조 관련 시 한정):14; 희토류(REE):5; 구리:5; 알루미늄·보크사이트:5; 니켈:2; 안티몬:2; 실리콘·폴리실리콘:2; 리튬:1; 갈륨:1,21
25-07,A1,Ⅰ. 경제안보 분석,글로벌 LNG 동향과 미국의 LNG 정책,pdf4–pdf17,0,C,,0
25-07,A2,Ⅱ. 경제안보 현안,美 상호관세 부과 행정명령(4.2.)의 내용 및 평가,pdf18–pdf24,9,B,핵심광물(총론):3; 구리:2; 알루미늄·보크사이트:2; 철강(232조 관련 시 한정):2,0
25-07,A3,Ⅲ. 경제안보 연구동향,｢미국의 AI 지배력과 전력 공급 병목 현상｣,pdf25–pdf29,1,C,핵심광물(총론):1,0
25-07,A4,Ⅳ. EWS 공급망/에너지 동향,EWS 공급망/에너지 관련 모니터링 결과 (기간: 2025.3.19.~2025.4.2.),pdf30–pdf35,49,A,알루미늄·보크사이트:10; 철강(232조 관련 시 한정):10; 구리:7; 핵심광물(총론):7; 희토류(REE):5; 리튬:3; 니켈:3; 코발트:2; 흑연(천연·인조):2,12
25-08,A1,Ⅰ. 경제안보 분석,유럽방위백서 발표 동향 및 우리 방산업계 영향,pdf4–pdf19,1,C,핵심광물(총론):1,0
25-08,A2,Ⅱ. 경제안보 현안,트럼프 행정부의 무기 수출 행정명령 : 주요 내용과 함의,pdf20–pdf25,0,C,,0
25-08,A3,Ⅲ. 경제안보 연구동향,｢중국 이중용도 조선산업의 부상과 대응｣,pdf26–pdf29,0,C,,0
25-08,A4,Ⅳ. EWS 공급망/에너지 동향,EWS 공급망/에너지 관련 모니터링 결과 (기간: 2025.4.2.~2025.4.16.),pdf30–pdf35,26,B,핵심광물(총론):11; 철강(232조 관련 시 한정):5; 실리콘·폴리실리콘:4; 희토류(REE):3; 알루미늄·보크사이트:3,8
25-09,A1,Ⅰ. 경제안보 분석,중국의 희토류 수출통제 동향,pdf4–pdf11,211,A,희토류(REE):88; 중희토(Dy·Tb):48; 네오디뮴·영구자석:30; 핵심광물(총론):30; 흑연(천연·인조):3; 갈륨:3; 게르마늄:3; 텅스텐:3; 인듐:1; 알루미늄·보크사이트:1; 몰리브덴:1,20
25-09,A2,Ⅱ. 경제안보 현안,미국 우주 기술보호협정(TSA) 체결 동향,pdf12–pdf15,0,C,,0
25-09,A3,Ⅲ. 경제안보 연구동향,[대만 DSET 정책 보고서] 중국 성숙공정 반도체,pdf16–pdf21,2,C,실리콘·폴리실리콘:2,0
25-09,A4,Ⅳ. EWS 공급망/에너지 동향,EWS 공급망/에너지 관련 모니터링 결과 (기간: 2025.4.16.~2025.4.30.),pdf22–pdf26,35,A,핵심광물(총론):25; 철강(232조 관련 시 한정):4; 텅스텐:2; 실리콘·폴리실리콘:2; 희토류(REE):1; 알루미늄·보크사이트:1,12
25-10,A1,Ⅰ. 경제안보 분석,미국 상호‧기본 관세 관련 국내 정치‧법적 쟁점 분석,pdf4–pdf15,0,C,,0
25-10,A2,Ⅱ. 경제안보 현안,美「AI 확산 규칙」철회 및 AI 반도체 수출통제 동향,pdf16–pdf20,2,C,희토류(REE):1; 갈륨:1,0
25-10,A3,Ⅲ. 경제안보 연구동향,｢예정된 분열?: 중국의 과잉생산에 대한 미국과 EU의 대응｣,pdf21–pdf25,2,C,알루미늄·보크사이트:1; 철강(232조 관련 시 한정):1,0
25-10,A4,Ⅳ. EWS 공급망/에너지 동향,EWS 공급망/에너지 관련 모니터링 결과 (기간: 2025.4.30.~2025.5.14.),pdf26–pdf31,78,A,희토류(REE):21; 핵심광물(총론):21; 중희토(Dy·Tb):17; 철강(232조 관련 시 한정):8; 네오디뮴·영구자석:4; 알루미늄·보크사이트:4; 리튬:2; 우라늄·HALEU:1,14
25-11,A1,Ⅰ. 경제안보 분석,트럼프 2기 행정부의 관세 조치와 주요국 대응: 지경학적 파급효과와 경제안보적 함의,pdf4–pdf17,67,A,철강(232조 관련 시 한정):20; 알루미늄·보크사이트:17; 희토류(REE):4; 네오디뮴·영구자석:4; 핵심광물(총론):4; 중희토(Dy·Tb):2; 텅스텐:2; 인듐:2; 실리콘·폴리실리콘:2; 우라늄·HALEU:2; 바나듐:2; 구리:2; 몰리브덴:2; 흑연(천연·인조):1; 티타늄:1,0
25-11,A2,Ⅱ. 경제안보 현안,경제안보적 관점의 글로벌 스테이블코인 법제화 동향 분석,pdf18–pdf26,0,C,,0
25-11,A3,Ⅲ. 경제안보 연구동향,｢우크라이나의 광물자원: 평화와 재건을 위한 부실한 기반｣,pdf27–pdf30,28,A,핵심광물(총론):11; 리튬:5; 희토류(REE):3; 철강(232조 관련 시 한정):3; 망간:2; 티타늄:2; 흑연(천연·인조):1; 구리:1,0
25-11,A4,Ⅳ. EWS 공급망/에너지 동향,EWS 공급망/에너지 관련 모니터링 결과 (기간: 2025.5.14.~2025.6.4.),pdf31–pdf37,63,A,희토류(REE):17; 철강(232조 관련 시 한정):13; 리튬:9; 핵심광물(총론):6; 알루미늄·보크사이트:5; 중희토(Dy·Tb):4; 흑연(천연·인조):2; 텅스텐:2; 실리콘·폴리실리콘:2; 구리:2; 니켈:1,21
25-12,A1,Ⅰ. 경제안보 분석,미국과 중국의 경제적 상호의존성 분석: 미·중 통상 협의 배경 및 시사점,pdf4–pdf14,19,B,희토류(REE):10; 핵심광물(총론):6; 텅스텐:1; 인듐:1; 몰리브덴:1,0
25-12,A2,Ⅱ. 경제안보 현안,2025 G7 정상회의 경제안보 관련 주요내용 및 평가,pdf15–pdf19,23,B,핵심광물(총론):23,0
25-12,A3,Ⅲ. 경제안보 연구동향,｢수출통제: 미국과 인도의 우선순위 간 긴장 완화｣ 美외교협회(CFR) 보고서 주요내용,pdf20–pdf23,0,C,,0
25-12,A4,Ⅳ. EWS 공급망/에너지 동향,EWS 공급망/에너지 관련 모니터링 결과 (기간: 2025.6.4.~2025.6.18.),pdf24–pdf29,59,A,희토류(REE):24; 철강(232조 관련 시 한정):11; 중희토(Dy·Tb):5; 니켈:4; 핵심광물(총론):4; 알루미늄·보크사이트:3; 네오디뮴·영구자석:1; 리튬:1; 코발트:1; 흑연(천연·인조):1; 망간:1; 텅스텐:1; 실리콘·폴리실리콘:1; 구리:1,18
25-13,A1,Ⅰ. 경제안보 분석,미국 2025년 예산조정법안(OBBBA)과 경제안보: 청정에너지 및 반도체 산업 지원 조항을 중심으로,pdf4–pdf13,10,B,핵심광물(총론):9; 철강(232조 관련 시 한정):1,0
25-13,A2,Ⅱ. 경제안보 현안,"중동 핵심 해협(호르무즈, 밥엘만데브, 수에즈 운하) 경제안보 리스크와 대응방향",pdf14–pdf24,1,C,구리:1,0
25-13,A3,Ⅲ. 경제안보 연구동향,｢중국제조 2025 (Made in China 2025) 전략은 성공했는가?｣,pdf25–pdf35,1,C,형석·불소:1,0
25-13,A4,Ⅳ. EWS 공급망/에너지 동향,EWS 공급망/에너지 관련 모니터링 결과 (기간: 2025.6.18.~2025.7.2.),pdf36–pdf40,40,A,핵심광물(총론):16; 철강(232조 관련 시 한정):12; 희토류(REE):6; 구리:3; 알루미늄·보크사이트:3,9
25-14,A1,Ⅰ. 경제안보 분석,미국의 중국산 드론(UAS) 규제 동향,pdf4–pdf13,0,C,,0
25-14,A2,Ⅱ. 경제안보 현안,중국 광물자원법 개정 동향,pdf14–pdf18,87,A,핵심광물(총론):87,8
25-14,A3,Ⅲ. 경제안보 연구동향,｢핵연료주기 관리에 대한 미국의 역할｣,pdf19–pdf22,27,A,우라늄·HALEU:25; 희토류(REE):1; 핵심광물(총론):1,0
25-14,A4,Ⅳ. EWS 공급망/에너지 동향,EWS 공급망/에너지 관련 모니터링 결과 (기간: 2025.7.2.~2025.7.16.),pdf23–pdf28,28,A,구리:13; 희토류(REE):6; 흑연(천연·인조):4; 철강(232조 관련 시 한정):3; 실리콘·폴리실리콘:2,9
25-15,A1,Ⅰ. 경제안보 분석,"미국의 방산·핵심광물 연계 경제안보 모델 분석: UAE, 사우디, 우크라이나, DR콩고",pdf4–pdf18,181,A,핵심광물(총론):101; 희토류(REE):22; 갈륨:20; 코발트:13; 구리:10; 리튬:6; 알루미늄·보크사이트:4; 네오디뮴·영구자석:1; 니켈:1; 게르마늄:1; 우라늄·HALEU:1; 몰리브덴:1,0
25-15,A2,Ⅱ. 경제안보 현안,주요국의 對美 관세 협상 결과 분석: 경제안보 관점,pdf19–pdf36,39,B,철강(232조 관련 시 한정):15; 알루미늄·보크사이트:12; 구리:6; 핵심광물(총론):6,0
25-15,A3,Ⅲ. 경제안보 연구동향,주요국 경제안보 정책 비교 연구의 주요 내용과 시사점,pdf37–pdf45,8,B,희토류(REE):4; 핵심광물(총론):4,0
25-15,A4,Ⅳ. EWS 공급망/에너지 동향,EWS 공급망/에너지 관련 모니터링 결과 (기간: 2025.7.16.~2025.8.6.),pdf46–pdf52,62,A,구리:21; 철강(232조 관련 시 한정):15; 희토류(REE):11; 리튬:5; 핵심광물(총론):5; 네오디뮴·영구자석:1; 흑연(천연·인조):1; 망간:1; 갈륨:1; 알루미늄·보크사이트:1,13
25-16,A1,Ⅰ. 경제안보 분석,주요국 AI 정책 재편 동향 및 시사점,pdf4–pdf14,1,C,핵심광물(총론):1,0
25-16,A2,Ⅱ. 경제안보 현안,엔비디아 AI 칩(H20) 중국 수출 재개 관련 동향,pdf15–pdf18,1,C,희토류(REE):1,0
25-16,A3,Ⅲ. 경제안보 연구동향,「EU-미국 서비스무역의 중요성과 정책적 함의」,pdf19–pdf24,0,C,,0
25-16,A4,Ⅳ. EWS 공급망/에너지 동향,EWS 공급망/에너지 관련 모니터링 결과 (기간: 2025.8.6.~2025.8.20.),pdf25–pdf28,33,B,철강(232조 관련 시 한정):13; 알루미늄·보크사이트:9; 리튬:5; 텅스텐:3; 네오디뮴·영구자석:2; 희토류(REE):1,9
25-17,A1,Ⅰ. 경제안보 분석,트럼프 2기 행정부의 기업 개입과 국가경제안보기금 조성의 함의,pdf4–pdf15,19,B,철강(232조 관련 시 한정):7; 네오디뮴·영구자석:6; 희토류(REE):3; 핵심광물(총론):3,0
25-17,A2,Ⅱ. 경제안보 현안,한일·한미 정상회담 주요 경제 성과,pdf16–pdf21,11,B,핵심광물(총론):5; 게르마늄:3; 우라늄·HALEU:2; 희토류(REE):1,0
25-17,A3,Ⅲ. 경제안보 연구동향,「3자 협력(한·미·일)을 통한 한국의 핵심광물 공급망 확보」,pdf22–pdf26,71,A,핵심광물(총론):19; 갈륨:11; 텅스텐:11; 코발트:8; 몰리브덴:8; 게르마늄:3; 희토류(REE):2; 리튬:2; 안티몬:2; 철강(232조 관련 시 한정):2; 네오디뮴·영구자석:1; 흑연(천연·인조):1; 알루미늄·보크사이트:1,8
25-17,A4,Ⅳ. EWS 공급망/에너지 동향,EWS 공급망/에너지 관련 모니터링 결과 (기간: 2025.8.20.~2025.9.3.),pdf27–pdf32,51,A,희토류(REE):29; 핵심광물(총론):10; 철강(232조 관련 시 한정):6; 리튬:3; 텅스텐:2; 구리:1,17
25-18,A1,Ⅰ. 경제안보 분석,"주요국 (일본-미국, EU-미국) 무역협상 공동성명 결과 분석",pdf4–pdf21,8,B,알루미늄·보크사이트:4; 철강(232조 관련 시 한정):2; 핵심광물(총론):2,0
25-18,A2,Ⅱ. 경제안보 현안,"주요국(EU, 영국, 캐나다, 일본) 디지털 규제와 미국의 통상 대응",pdf22–pdf32,0,C,,0
25-18,A3,Ⅲ. 경제안보 연구동향,「기술혁신이 조선업 역량의 핵심인 이유」,pdf33–pdf37,0,C,,0
25-18,A4,Ⅳ. EWS 공급망/에너지 동향,EWS 공급망/에너지 관련 모니터링 결과 (기간: 2025.9.3.~2025.9.17.),pdf38–pdf42,11,B,희토류(REE):4; 핵심광물(총론):3; 구리:2; 알루미늄·보크사이트:1; 철강(232조 관련 시 한정):1,4
25-19,A1,Ⅰ. 경제안보 분석,중국의 ‘내권식(內卷式) 경쟁’ 억제 정책 : 중국 내 과잉경쟁 규제 동향 및 시사점,pdf4–pdf11,5,C,철강(232조 관련 시 한정):2; 희토류(REE):1; 알루미늄·보크사이트:1; 핵심광물(총론):1,0
25-19,A2,Ⅱ. 경제안보 현안,미-중 AI 인프라 투자 현황과 경제안보적 시사점,pdf12–pdf21,4,C,희토류(REE):4,0
25-19,A3,Ⅲ. 경제안보 연구동향,미국 신흥바이오기술국가안보위원회 「바이오 기술의 미래 설계」 보고서* 분석,pdf22–pdf27,2,C,핵심광물(총론):2,0
25-19,A4,Ⅳ. EWS 공급망/에너지 동향,EWS 공급망/에너지 관련 모니터링 결과 (기간: 2025.9.17.~2025.10.8.),pdf28–pdf35,67,A,핵심광물(총론):17; 희토류(REE):14; 중희토(Dy·Tb):8; 구리:8; 철강(232조 관련 시 한정):8; 코발트:4; 알루미늄·보크사이트:2; 네오디뮴·영구자석:1; 리튬:1; 니켈:1; 안티몬:1; 우라늄·HALEU:1; 몰리브덴:1,16
25-20,A1,Ⅰ. 경제안보 분석,중국의 핵심광물 수출통제 강화 조치 분석 및 시사점,pdf4–pdf13,171,A,희토류(REE):83; 흑연(천연·인조):25; 중희토(Dy·Tb):18; 핵심광물(총론):14; 네오디뮴·영구자석:11; 리튬:10; 코발트:4; 니켈:2; 망간:2; 실리콘·폴리실리콘:1; 알루미늄·보크사이트:1,14
25-20,A2,Ⅱ. 경제안보 현안,조선·해운 분야를 둘러싼 미국과 중국의 제재 공방,pdf14–pdf22,2,C,핵심광물(총론):2,0
25-20,A3,Ⅲ. 경제안보 연구동향,美 CRS 「원자력 에너지 및 기후변화 완화」 보고서 주요내용,pdf23–pdf26,3,C,우라늄·HALEU:3,0
25-20,A4,Ⅳ. EWS 공급망/에너지 동향,EWS 공급망/에너지 관련 모니터링 결과 (기간: 2025.10.8.~2025.10.22.),pdf27–pdf31,27,A,핵심광물(총론):9; 희토류(REE):8; 코발트:2; 흑연(천연·인조):2; 갈륨:2; 철강(232조 관련 시 한정):2; 중희토(Dy·Tb):1; 리튬:1,7
25-21,A1,Ⅰ. 경제안보 분석,한미 정상회담 경제분야 분석,pdf4–pdf11,9,B,희토류(REE):3; 우라늄·HALEU:3; 핵심광물(총론):3,0
25-21,A2,Ⅱ. 경제안보 현안,미국-중국 무역합의(10.30) 주요 내용 및 시사점,pdf12–pdf17,30,A,희토류(REE):13; 핵심광물(총론):5; 흑연(천연·인조):4; 갈륨:2; 게르마늄:2; 안티몬:2; 리튬:1; 실리콘·폴리실리콘:1,0
25-21,A3,Ⅲ. 경제안보 연구동향,美 Stimson Center 「중국의 경제적 강압과 미·일·대만의 대응전략」 보고서,pdf18–pdf21,3,C,희토류(REE):3,0
25-21,A4,Ⅳ. EWS 공급망/에너지 동향,EWS 공급망/에너지 관련 모니터링 결과 (기간: 2025.10.22.~2025.11.5.),pdf22–pdf26,59,A,핵심광물(총론):24; 희토류(REE):18; 구리:6; 안티몬:4; 텅스텐:4; 철강(232조 관련 시 한정):2; 네오디뮴·영구자석:1,20
25-22,A1,Ⅰ. 경제안보 분석,넥스페리아 사태의 경제안보적 시사점,pdf4–pdf12,7,B,실리콘·폴리실리콘:7,0
25-22,A2,Ⅱ. 경제안보 현안,미국의 핵심광물 공급망 협력 강화 협정 체결 동향 및 시사점,pdf13–pdf19,110,A,핵심광물(총론):67; 희토류(REE):34; 네오디뮴·영구자석:4; 갈륨:3; 중희토(Dy·Tb):1; 우라늄·HALEU:1,20
25-22,A3,Ⅲ. 경제안보 연구동향,"獨 KAS 보고서, 「동남아에서의 경제적 우위를 둘러싼 중-일 경쟁」",pdf20–pdf24,5,B,니켈:1; 코발트:1; 구리:1; 알루미늄·보크사이트:1; 핵심광물(총론):1,0
25-22,A4,Ⅳ. EWS 공급망/에너지 동향,EWS 공급망/에너지 관련 모니터링 결과 (기간: 2025.11.5.~2025.11.12.),pdf25–pdf30,65,A,희토류(REE):21; 핵심광물(총론):14; 철강(232조 관련 시 한정):6; 리튬:4; 흑연(천연·인조):4; 중희토(Dy·Tb):3; 구리:3; 갈륨:2; 게르마늄:2; 안티몬:2; 실리콘·폴리실리콘:2; 니켈:1; 알루미늄·보크사이트:1,17
25-23,A1,Ⅰ. 경제안보 분석,피지컬 AI 공급망 분석과 경제안보적 함의,pdf4–pdf19,0,C,,0
25-23,A2,Ⅱ. 경제안보 현안,일본 다카이치 내각의 경제안보추진법 개정 추진 동향과 시사점,pdf20–pdf26,10,B,희토류(REE):6; 핵심광물(총론):4,0
25-23,A3,Ⅲ. 경제안보 연구동향,"美 외교협회(CFR) 보고서, 「미래 핵심 기술 우위를 위한",pdf27–pdf38,11,B,핵심광물(총론):8; 희토류(REE):2; 중희토(Dy·Tb):1,0
25-23,A4,V. EWS 공급망/에너지 동향,EWS 공급망/에너지 관련 모니터링 결과 (기간: 2025.11.19.~2025.12.3.),pdf39–pdf44,25,B,핵심광물(총론):8; 희토류(REE):7; 흑연(천연·인조):3; 우라늄·HALEU:3; 네오디뮴·영구자석:2; 중희토(Dy·Tb):1; 철강(232조 관련 시 한정):1,8
26-01,A1,Ⅰ. 경제안보 분석,2025 미국 국가안보전략서 분석: 경제안보를 중심으로,p.1–p.8,1,C,희토류(REE):1,0
26-01,A2,II. 경제안보 분석,‘EU 경제안보 강화를 위한 공동 통신문’ 주요 내용 및 분석,p.9–p.27,5,B,핵심광물(총론):4; 네오디뮴·영구자석:1,0
26-01,A3,III. 경제안보 현안,"미국 국방수권법과 경제안보: 투자, 바이오, 조선, 공급망",p.28–p.36,4,C,갈륨:1; 게르마늄:1; 몰리브덴:1; 핵심광물(총론):1,0
26-01,A4,IV. EWS 공급망/에너지 동향,EWS 공급망/에너지 관련 모니터링 결과 (기간: 2025.12.17.~2025.12.31.),p.37–p.45,28,B,철강(232조 관련 시 한정):8; 희토류(REE):7; 핵심광물(총론):6; 니켈:3; 리튬:2; 코발트:1; 구리:1,11
26-02,A1,Ⅰ. 경제안보 분석,미국의 베네수엘라 석유산업 개입과 글로벌 에너지 질서 변화,p.1–p.14,10,B,핵심광물(총론):8; 리튬:1; 구리:1,0
26-02,A2,II. 경제안보 현안,한중 정상회담(1.5.) 계기 경제협력 주요 성과,p.15–p.19,1,C,핵심광물(총론):1,0
26-02,A3,III. 경제안보 현안,중국의 對일본 이중용도품목 수출통제 조치 동향 및 시사점,p.20–p.24,37,A,희토류(REE):26; 갈륨:3; 게르마늄:3; 흑연(천연·인조):2; 핵심광물(총론):2; 중희토(Dy·Tb):1,0
26-02,A4,IV. EWS 공급망/에너지 동향,EWS 공급망/에너지 관련 모니터링 결과 (기간: 2025.12.31.~2026.1.14.),p.25–p.30,24,B,희토류(REE):6; 핵심광물(총론):6; 니켈:4; 구리:4; 갈륨:1; 안티몬:1; 실리콘·폴리실리콘:1; 철강(232조 관련 시 한정):1,7
26-03,A1,Ⅰ. 경제안보 분석,미국발 AI 경쟁의 새로운 국면: 수출통제와 관세의 결합,p.1–p.9,0,C,,0
26-03,A2,II. 경제안보 현안,미국의 기후·에너지 정책 변화와 글로벌 협력 구도 재편,p.10–p.15,3,C,핵심광물(총론):2; 희토류(REE):1,0
26-03,A3,III. 경제안보 현안,중국 반도체 굴기 평가 및 업계 현황,p.16–p.20,3,C,갈륨:2; 실리콘·폴리실리콘:1,0
26-03,A4,IV. EWS 공급망/에너지 동향,EWS 공급망/에너지 관련 모니터링 결과 (기간: 2026.1.14.~2026.1.28.),p.21–p.26,32,A,핵심광물(총론):12; 구리:8; 희토류(REE):6; 중희토(Dy·Tb):2; 리튬:2; 우라늄·HALEU:1; 철강(232조 관련 시 한정):1,7
26-04,A1,Ⅰ. 경제안보 분석,미국 연방대법원 IEEPA 관세 판결 관련 쟁점 분석:,p.1–p.9,0,C,,0
26-04,A2,II. 경제안보 현안,인도 AI 영향 정상회의(AI Impact Summit) 주요 내용 및 시사점,p.10–p.13,0,C,,0
26-04,A3,III. 경제안보 현안,미국-EU 관계 냉각 속 유럽의 억지력 강화 동향,p.14–p.22,12,B,핵심광물(총론):6; 철강(232조 관련 시 한정):5; 알루미늄·보크사이트:1,0
26-04,A4,IV. EWS 공급망/에너지 동향,EWS 공급망/에너지 관련 모니터링 결과 (기간: 2026.2.5.~2026.2.18.),p.23–p.32,73,A,핵심광물(총론):30; 철강(232조 관련 시 한정):13; 희토류(REE):9; 구리:5; 중희토(Dy·Tb):4; 리튬:4; 텅스텐:3; 알루미늄·보크사이트:3; 갈륨:2,32
26-05,A1,Ⅰ. 경제안보 분석,미국 주도의 글로벌 핵심광물 공급망 재편 동향,p.1–p.8,113,A,핵심광물(총론):102; 희토류(REE):8; 리튬:1; 니켈:1; 코발트:1,11
26-05,A2,II. 경제안보 현안,호르무즈 해협 위기와 글로벌 에너지·경제안보 리스크,p.9–p.18,3,C,헬륨:2; 알루미늄·보크사이트:1,0
26-05,A3,III. 경제안보 현안,Made in Europe 규정 (EU 산업가속화법) 발표 및 영향,p.19–p.28,16,B,철강(232조 관련 시 한정):9; 알루미늄·보크사이트:5; 핵심광물(총론):2,0
26-05,A4,IV. EWS 공급망/에너지 동향,EWS 공급망/에너지 관련 모니터링 결과 (기간: 2026.2.18.~2026.3.4.),p.29–p.34,11,B,희토류(REE):4; 핵심광물(총론):4; 철강(232조 관련 시 한정):2; 리튬:1,5
26-06,A1,Ⅰ. 경제안보 분석,중국 경제안보 법안 정비 동향 분석 및 시사점,p.1–p.9,34,A,희토류(REE):13; 핵심광물(총론):6; 흑연(천연·인조):5; 갈륨:4; 게르마늄:4; 리튬:1; 안티몬:1,0
26-06,A2,II. 경제안보 분석,양자내성암호(PQC) 전환 동향과 시사점,p.10–p.15,0,C,,0
26-06,A3,III. 경제안보 현안,미국 무역법 301조를 활용한 트럼프 행정부의 관세정책 동향,p.16–p.21,3,C,철강(232조 관련 시 한정):2; 알루미늄·보크사이트:1,0
26-06,A4,IV. EWS 공급망/에너지 동향,EWS 공급망/에너지 관련 모니터링 결과 (기간: 2026.2.18.~2026.3.4.),p.22–p.30,30,A,희토류(REE):9; 철강(232조 관련 시 한정):4; 헬륨:4; 리튬:3; 구리:3; 핵심광물(총론):3; 우라늄·HALEU:2; 중희토(Dy·Tb):1; 알루미늄·보크사이트:1,12
26-07,A1,Ⅰ. 경제안보 분석,중동 리스크 확대 속 한-주요국 석유제품 중심 공급망 구조 및 리스크 분석,p.1–p.9,0,C,,0
26-07,A2,II. 경제안보 현안,에너지 안보 환경의 변화와 한미 원전 협력에 대한 함의,p.10–p.16,16,B,우라늄·HALEU:13; 실리콘·폴리실리콘:3,0
26-07,A3,III. 경제안보 현안,중동 사태에 따른 공급망 (나프타·브롬·헬륨) 리스크(1),p.17–p.23,16,A,헬륨:16,0
26-07,A4,IV. EWS 공급망/에너지 동향,EWS 공급망/에너지 관련 모니터링 결과 (기간: 2026.3.18.~2026.4.1.),p.24–p.34,39,A,핵심광물(총론):10; 알루미늄·보크사이트:9; 희토류(REE):6; 철강(232조 관련 시 한정):5; 코발트:2; 리튬:1; 니켈:1; 흑연(천연·인조):1; 갈륨:1; 우라늄·HALEU:1; 구리:1; 헬륨:1,11
26-08,A1,Ⅰ. 경제안보 분석,미국 의회 반도체 제조장비 수출통제 강화 논의: MATCH 법안 분석,p.1–p.9,3,C,코발트:3,0
26-08,A2,II. 경제안보 현안,중동 사태에 따른 공급망 리스크(2) - 요소·무수 암모니아·알루미늄 캐스팅 합금,p.10–p.16,30,A,알루미늄·보크사이트:26; 실리콘·폴리실리콘:3; 헬륨:1,0
26-08,A3,III. 경제안보 현안,호르무즈 해협 봉쇄에 따른 글로벌 공급망 동향 및 시사점,p.17–p.24,2,C,리튬:1; 우라늄·HALEU:1,0
26-08,A4,IV. EWS 공급망/에너지 동향,EWS 공급망/에너지 관련 모니터링 결과 (기간: 2026.4.1.~2026.4.15.),p.25–p.32,42,A,핵심광물(총론):16; 철강(232조 관련 시 한정):7; 희토류(REE):4; 알루미늄·보크사이트:4; 갈륨:3; 헬륨:3; 중희토(Dy·Tb):2; 네오디뮴·영구자석:1; 니켈:1; 구리:1,13
26-09,A1,Ⅰ. 경제안보 분석,중동전쟁 이후 중국의 에너지안보 전략과 한국에의 함의,p.1–p.18,71,A,핵심광물(총론):21; 리튬:12; 희토류(REE):11; 흑연(천연·인조):7; 코발트:5; 실리콘·폴리실리콘:4; 철강(232조 관련 시 한정):4; 네오디뮴·영구자석:2; 알루미늄·보크사이트:2; 니켈:1; 갈륨:1; 구리:1,0
26-09,A2,II. 경제안보 분석,미국·유럽 전략 기술 투자심사의 공통 과제와 시사점,p.19–p.29,2,C,실리콘·폴리실리콘:2,0
26-09,A3,III. 경제안보 현안,(현안) 글로벌 권역별 화석에너지(원유·천연가스) 의존 및 수급 현황,p.30–p.38,1,C,핵심광물(총론):1,0
26-09,A4,IV. EWS 공급망/에너지 동향,EWS 공급망/에너지 관련 모니터링 결과 (기간: 2026.4.22.~2026.5.6.),p.39–p.46,41,A,핵심광물(총론):20; 희토류(REE):7; 철강(232조 관련 시 한정):5; 우라늄·HALEU:4; 알루미늄·보크사이트:4; 구리:1,18
26-10,A1,Ⅰ. 경제안보 분석,2026년 미중 정상회담 주요 내용,p.1–p.7,28,A,핵심광물(총론):14; 희토류(REE):6; 중희토(Dy·Tb):4; 네오디뮴·영구자석:2; 인듐:2,0
26-10,A2,II. 경제안보 분석,유가상한제와 러시아의 우회전략 평가,p.8–p.15,0,C,,0
26-10,A3,III. 경제안보 현안,최용호 전문관 · 박지연 전문관 미국 국제무역법원(CIT)의 122조 관세 위법 판결,p.16–p.20,0,C,,0
26-10,A4,IV. EWS 공급망/에너지 동향,EWS 공급망/에너지 관련 모니터링 결과 (기간: 2026.5.6.~2026.5.20.),p.21–p.26,31,B,철강(232조 관련 시 한정):10; 핵심광물(총론):6; 희토류(REE):4; 코발트:4; 알루미늄·보크사이트:3; 중희토(Dy·Tb):2; 네오디뮴·영구자석:1; 인듐:1,11
26-11,A1,Ⅰ. 경제안보 분석,북극항로의 구조적 제약요인 분석 :러시아 북동항로(NSR)를 중심으로,p.1–p.9,0,C,,0
26-11,A2,II. 경제안보 현안,EU-중국 무역·경제안보 갈등 심화 동향과 함의,p.10–p.15,10,B,핵심광물(총론):5; 철강(232조 관련 시 한정):3; 희토류(REE):2,0
26-11,A3,III. 경제안보 현안,중국 상무부 美 제재 이행 금지 명령 주요 내용 및 시사점,p.16–p.20,1,C,망간:1,0
26-11,A4,IV. EWS 공급망/에너지 동향,EWS 공급망/에너지 관련 모니터링 결과 (기간: 2026.5.20.~2026.6.3.),p.21–p.26,47,A,희토류(REE):13; 철강(232조 관련 시 한정):8; 핵심광물(총론):7; 텅스텐:5; 알루미늄·보크사이트:5; 니켈:3; 네오디뮴·영구자석:1; 중희토(Dy·Tb):1; 게르마늄:1; 구리:1; 니오븀·탄탈럼:1; 몰리브덴:1,15
26-12,A1,Ⅰ. 경제안보 분석,"공급망 관리의 주요 과제와 함의: 거버넌스, 데이터, 정보 공유",p.1–p.8,10,B,핵심광물(총론):9; 철강(232조 관련 시 한정):1,0
26-12,A2,II. 경제안보 현안,임산호 선임전문관 2026년 G7 정상회담 관련 경제안보적 함의,p.9–p.16,34,A,핵심광물(총론):28; 희토류(REE):2; 네오디뮴·영구자석:2; 리튬:1; 니켈:1,0
26-12,A3,III. 경제안보 현안,안수린 전문관 트럼프 2기 행정부의 주요 AI 정책 및 평가,p.17–p.22,13,B,희토류(REE):5; 철강(232조 관련 시 한정):4; 리튬:2; 흑연(천연·인조):1; 구리:1,0
26-12,A4,IV. EWS 공급망/에너지 동향,EWS 공급망/에너지 관련 모니터링 결과 (기간: 2026.6.3.~2026.6.17.),p.23–p.27,27,B,희토류(REE):14; 철강(232조 관련 시 한정):5; 핵심광물(총론):5; 리튬:2; 네오디뮴·영구자석:1,11
26-13,A1,Ⅰ. 경제안보 분석,글로벌 제약 공급망의 對중국 의존도 현황 및 시사점,p.1–p.14,0,C,,0
26-13,A2,II. 경제안보 분석,황지현 전문관 자원민족주의 확산과 핵심광물 공급망 리스크,p.15–p.23,112,A,핵심광물(총론):27; 리튬:18; 니켈:16; 희토류(REE):14; 중희토(Dy·Tb):8; 코발트:6; 알루미늄·보크사이트:6; 흑연(천연·인조):5; 구리:3; 갈륨:2; 게르마늄:2; 텅스텐:2; 네오디뮴·영구자석:1; 인듐:1; 몰리브덴:1,16
26-13,A3,III. 경제안보 현안,제2차 팍스 실리카 서밋의 주요 내용과 특징,p.24–p.29,31,A,핵심광물(총론):8; 구리:5; 희토류(REE):4; 리튬:4; 니켈:4; 코발트:4; 철강(232조 관련 시 한정):1; 백금족(PGM):1,0
26-13,A4,IV. EWS 공급망/에너지 동향,EWS 공급망/에너지 관련 모니터링 결과 (기간: 2026.6.17.~2026.7.1.),p.30–p.35,23,B,핵심광물(총론):11; 희토류(REE):9; 철강(232조 관련 시 한정):2; 네오디뮴·영구자석:1,7
26-14,A1,Ⅰ. 경제안보 분석,SMR 연료 HALEU의 글로벌 공급망 동향,p.1–p.6,71,A,우라늄·HALEU:71,0
26-14,A2,II. 경제안보 분석,유아름 전문관 바이오 분야 미중경쟁과 경제안보적 함의,p.7–p.18,0,C,,0
26-14,A3,III. 경제안보 현안,미국 트럼프 행정부의 관세정책 현황과 전망:,p.19–p.25,20,B,핵심광물(총론):16; 알루미늄·보크사이트:3; 철강(232조 관련 시 한정):1,0
26-14,A4,IV. EWS 공급망/에너지 동향,EWS 공급망/에너지 관련 모니터링 결과 (기간: 2026.7.1.~2026.7.15.),p.26–p.30,33,A,희토류(REE):12; 헬륨:8; 우라늄·HALEU:3; 네오디뮴·영구자석:2; 텅스텐:2; 구리:2; 철강(232조 관련 시 한정):2; 핵심광물(총론):2,12
26-15,A1,Ⅰ. 경제안보 분석,인버터 등 전력망 연계 IoT 기기의 공급망 안보 규제 동향,p.1–p.8,0,C,,0
26-15,A2,II. 경제안보 분석,"유아름 전문관 CPTPP 가입 현황과 쟁점, 주요국 사례(영국)",p.9–p.15,0,C,,0
26-15,A3,III. 경제안보 분석,일본 「호네부토 방침 2026」의 경제안보 관련 내용 분석,p.16–p.24,0,C,,0
26-15,A4,IV. 경제안보 현안,중국 「국무원 대외투자 규정」 시행 : 핵심기술 보호 중심 대외투자 규제 강화 및 시사점,p.25–p.28,2,C,희토류(REE):1; 핵심광물(총론):1,0
26-15,A5,V. EWS 공급망/에너지 동향,EWS 공급망/에너지 관련 모니터링 결과 (기간: 2026.7.15.~2026.7.29.),p.29–p.33,11,B,알루미늄·보크사이트:3; 핵심광물(총론):3; 희토류(REE):2; 갈륨:2; 철강(232조 관련 시 한정):1,3
26-16,A1,Ⅰ. 경제안보 분석,중동 산유국의 호르무즈 우회 에너지 인프라 추진 동향,p.1–p.8,0,C,,0
26-16,A2,II. 경제안보 분석,정선미 선임전문관 글로벌 원자력 공급망과 한국의 원전 전략,p.9–p.16,65,A,우라늄·HALEU:65,0
26-16,A3,III. 경제안보 현안,미국의 ｢회수 가능 핵심광물·소재｣ 수출제한 조치 동향,p.17–p.20,55,A,핵심광물(총론):31; 텅스텐:12; 구리:6; 네오디뮴·영구자석:3; 희토류(REE):2; 리튬:1,0
26-16,A4,IV. EWS 공급망/에너지 동향,EWS 공급망/에너지 관련 모니터링 결과 (기간: 2026.7.29.~2026.8.12.),p.21–p.25,33,A,핵심광물(총론):15; 구리:5; 희토류(REE):3; 코발트:2; 실리콘·폴리실리콘:2; 알루미늄·보크사이트:2; 네오디뮴·영구자석:1; 리튬:1; 우라늄·HALEU:1; 철강(232조 관련 시 한정):1,9
26-17,A1,Ⅰ. 경제안보 분석,미중 경제안보 규제 충돌 양상과 파급효과: 사례로 보는 제3국의 딜레마,p.1–p.12,4,C,희토류(REE):3; 핵심광물(총론):1,0
26-17,A2,II. 경제안보 분석,유아름 전문관 한·일 디지털 통상 규정 비교,p.13–p.19,0,C,,0
26-17,A3,III. 경제안보 현안,글로벌 메모리 반도체 경쟁에 대한 미국의 전방위 정책 개입과 시사점,p.20–p.30,9,B,실리콘·폴리실리콘:9,0
26-17,A4,IV. EWS 공급망/에너지 동향,EWS 공급망/에너지 관련 모니터링 결과 (기간: 2026.8.12.~2026.8.26.),p.31–p.34,13,B,핵심광물(총론):7; 알루미늄·보크사이트:3; 철강(232조 관련 시 한정):3,5
26-18,A1,Ⅰ. 경제안보 특별기획,미국 온쇼어링 전략 ① 美 폴리실리콘 및 파생제품 232조 조치를 중심으로,p.1–p.11,110,A,실리콘·폴리실리콘:96; 핵심광물(총론):10; 알루미늄·보크사이트:4,0
26-18,A2,II. 경제안보 분석,중동전쟁과 국제유가: 지정학적 리스크의 유가 영향력 변화,p.12–p.19,2,C,핵심광물(총론):2,0
26-18,A3,III. 경제안보 현안,중국 오픈웨이트 AI 기업의 부상 : 개발 동향과 경제안보적 함의,p.20–p.27,0,C,,0
26-18,A4,IV. EWS 공급망/에너지 동향,EWS 공급망/에너지 관련 모니터링 결과 (기간: 2026.8.26.~2026.9.9.),p.28–p.31,8,B,핵심광물(총론):5; 희토류(REE):2; 우라늄·HALEU:1,4
